2026-06-25 15:00:30,401 INFO {'document': '3M_2015_10K', 'status': 'PROCESSING_STARTED', 'total_pages': 158}
2026-06-25 15:00:30,446 INFO {'document': '3M_2015_10K', 'page': 1, 'status': 'PAGE_STARTED'}
2026-06-25 15:00:30,495 INFO {'document': '3M_2015_10K', 'page': 2, 'status': 'PAGE_STARTED'}
2026-06-25 15:00:30,503 INFO {'document': '3M_2015_10K', 'page': 3, 'status': 'PAGE_STARTED'}
2026-06-25 15:00:30,509 INFO {'document': '3M_2015_10K', 'page': 4, 'status': 'PAGE_STARTED'}
2026-06-25 15:00:30,513 INFO {'document': '3M_2015_10K', 'page': 5, 'status': 'PAGE_STARTED'}
2026-06-25 15:00:30,516 INFO {'document': '3M_2015_10K', 'page': 6, 'status': 'PAGE_STARTED'}
2026-06-25 15:00:30,521 INFO {'document': '3M_2015_10K', 'page': 7, 'status': 'PAGE_STARTED'}
2026-06-25 15:00:30,526 INFO {'document': '3M_2015_10K', 'page': 8, 'status': 'PAGE_STARTED'}
2026-06-25 15:00:30,531 INFO {'document': '3M_2015_10K', 'page': 9, 'status': 'PAGE_STARTED'}
2026-06-25 15:00:30,535 INFO {'document': '3M_2015_10K', 'page': 10, 'status': 'PAGE_STARTED'}
2026-06-25 15:00:30,542 INFO {'document': '3M_2015_10K', 'page': 11, 'status': 'PAGE_STARTED'}
2026-06-25 15:00:30,544 INFO {'document': '3M_2015_10K', 'page': 12, 'status': 'PAGE_STARTED'}
2026-06-25 15:00:30,548 INFO {'document': '3M_2015_10K', 'page': 13, 'status': 'PAGE_STARTED'}
2026-06-25 15:00:30,553 INFO {'document': '3M_2015_10K', 'page': 14, 'status': 'PAGE_STARTED'}
2026-06-25 15:00:30,555 INFO {'document': '3M_2015_10K', 'page': 15, 'status': 'PAGE_STARTED'}
2026-06-25 15:00:30,560 INFO {'document': '3M_2015_10K', 'page': 16, 'status': 'PAGE_STARTED'}
2026-06-25 15:00:30,560 INFO {'document': '3M_2015_10K', 'page': 17, 'status': 'PAGE_STARTED'}
2026-06-25 15:00:30,574 INFO {'document': '3M_2015_10K', 'page': 18, 'status': 'PAGE_STARTED'}
2026-06-25 15:00:30,580 INFO {'document': '3M_2015_10K', 'page': 19, 'status': 'PAGE_STARTED'}
2026-06-25 15:00:30,588 INFO {'document': '3M_2015_10K', 'page': 20, 'status': 'PAGE_STARTED'}
2026-06-25 15:00:30,596 INFO {'document': '3M_2015_10K', 'page': 21, 'status': 'PAGE_STARTED'}
2026-06-25 15:00:30,604 INFO {'document': '3M_2015_10K', 'page': 22, 'status': 'PAGE_STARTED'}
2026-06-25 15:00:30,604 INFO {'document': '3M_2015_10K', 'page': 23, 'status': 'PAGE_STARTED'}
2026-06-25 15:00:30,617 INFO {'document': '3M_2015_10K', 'page': 24, 'status': 'PAGE_STARTED'}
2026-06-25 15:00:30,626 INFO {'document': '3M_2015_10K', 'page': 25, 'status': 'PAGE_STARTED'}
2026-06-25 15:00:30,639 INFO {'document': '3M_2015_10K', 'page': 26, 'status': 'PAGE_STARTED'}
2026-06-25 15:00:30,648 INFO {'document': '3M_2015_10K', 'page': 27, 'status': 'PAGE_STARTED'}
2026-06-25 15:00:30,654 INFO {'document': '3M_2015_10K', 'page': 28, 'status': 'PAGE_STARTED'}
2026-06-25 15:00:30,661 INFO {'document': '3M_2015_10K', 'page': 29, 'status': 'PAGE_STARTED'}
2026-06-25 15:00:30,666 INFO {'document': '3M_2015_10K', 'page': 30, 'status': 'PAGE_STARTED'}
2026-06-25 15:00:30,672 INFO {'document': '3M_2015_10K', 'page': 31, 'status': 'PAGE_STARTED'}
2026-06-25 15:00:30,674 INFO {'document': '3M_2015_10K', 'page': 32, 'status': 'PAGE_STARTED'}
2026-06-25 15:00:30,681 INFO {'document': '3M_2015_10K', 'page': 33, 'status': 'PAGE_STARTED'}
2026-06-25 15:00:30,685 INFO {'document': '3M_2015_10K', 'page': 34, 'status': 'PAGE_STARTED'}
2026-06-25 15:00:30,693 INFO {'document': '3M_2015_10K', 'page': 35, 'status': 'PAGE_STARTED'}
2026-06-25 15:00:30,699 INFO {'document': '3M_2015_10K', 'page': 36, 'status': 'PAGE_STARTED'}
2026-06-25 15:00:30,705 INFO {'document': '3M_2015_10K', 'page': 37, 'status': 'PAGE_STARTED'}
2026-06-25 15:00:30,709 INFO {'document': '3M_2015_10K', 'page': 38, 'status': 'PAGE_STARTED'}
2026-06-25 15:00:30,714 INFO {'document': '3M_2015_10K', 'page': 39, 'status': 'PAGE_STARTED'}
2026-06-25 15:00:30,719 INFO {'document': '3M_2015_10K', 'page': 40, 'status': 'PAGE_STARTED'}
2026-06-25 15:00:30,725 INFO {'document': '3M_2015_10K', 'page': 41, 'status': 'PAGE_STARTED'}
2026-06-25 15:00:30,729 INFO {'document': '3M_2015_10K', 'page': 42, 'status': 'PAGE_STARTED'}
2026-06-25 15:00:30,730 INFO {'document': '3M_2015_10K', 'page': 43, 'status': 'PAGE_STARTED'}
2026-06-25 15:00:30,738 INFO {'document': '3M_2015_10K', 'page': 44, 'status': 'PAGE_STARTED'}
2026-06-25 15:00:30,738 INFO {'document': '3M_2015_10K', 'page': 45, 'status': 'PAGE_STARTED'}
2026-06-25 15:00:30,746 INFO {'document': '3M_2015_10K', 'page': 46, 'status': 'PAGE_STARTED'}
2026-06-25 15:00:30,759 INFO {'document': '3M_2015_10K', 'page': 47, 'status': 'PAGE_STARTED'}
2026-06-25 15:00:30,770 INFO {'document': '3M_2015_10K', 'page': 48, 'status': 'PAGE_STARTED'}
2026-06-25 15:00:30,778 INFO {'document': '3M_2015_10K', 'page': 49, 'status': 'PAGE_STARTED'}
2026-06-25 15:00:30,778 INFO {'document': '3M_2015_10K', 'page': 50, 'status': 'PAGE_STARTED'}
2026-06-25 15:00:30,788 INFO {'document': '3M_2015_10K', 'page': 51, 'status': 'PAGE_STARTED'}
2026-06-25 15:00:30,794 INFO {'document': '3M_2015_10K', 'page': 52, 'status': 'PAGE_STARTED'}
2026-06-25 15:00:30,800 INFO {'document': '3M_2015_10K', 'page': 53, 'status': 'PAGE_STARTED'}
2026-06-25 15:00:30,803 INFO {'document': '3M_2015_10K', 'page': 54, 'status': 'PAGE_STARTED'}
2026-06-25 15:00:30,809 INFO {'document': '3M_2015_10K', 'page': 55, 'status': 'PAGE_STARTED'}
2026-06-25 15:00:30,818 INFO {'document': '3M_2015_10K', 'page': 56, 'status': 'PAGE_STARTED'}
2026-06-25 15:00:30,821 INFO {'document': '3M_2015_10K', 'page': 57, 'status': 'PAGE_STARTED'}
2026-06-25 15:00:30,827 INFO {'document': '3M_2015_10K', 'page': 58, 'status': 'PAGE_STARTED'}
2026-06-25 15:00:30,834 INFO {'document': '3M_2015_10K', 'page': 59, 'status': 'PAGE_STARTED'}
2026-06-25 15:00:30,834 INFO {'document': '3M_2015_10K', 'page': 60, 'status': 'PAGE_STARTED'}
2026-06-25 15:00:30,847 INFO {'document': '3M_2015_10K', 'page': 61, 'status': 'PAGE_STARTED'}
2026-06-25 15:00:30,852 INFO {'document': '3M_2015_10K', 'page': 62, 'status': 'PAGE_STARTED'}
2026-06-25 15:00:30,857 INFO {'document': '3M_2015_10K', 'page': 63, 'status': 'PAGE_STARTED'}
2026-06-25 15:00:30,865 INFO {'document': '3M_2015_10K', 'page': 64, 'status': 'PAGE_STARTED'}
2026-06-25 15:00:30,871 INFO {'document': '3M_2015_10K', 'page': 65, 'status': 'PAGE_STARTED'}
2026-06-25 15:00:30,873 INFO {'document': '3M_2015_10K', 'page': 66, 'status': 'PAGE_STARTED'}
2026-06-25 15:00:30,884 INFO {'document': '3M_2015_10K', 'page': 67, 'status': 'PAGE_STARTED'}
2026-06-25 15:00:30,897 INFO {'document': '3M_2015_10K', 'page': 68, 'status': 'PAGE_STARTED'}
2026-06-25 15:00:30,905 INFO {'document': '3M_2015_10K', 'page': 69, 'status': 'PAGE_STARTED'}
2026-06-25 15:00:30,905 INFO {'document': '3M_2015_10K', 'page': 70, 'status': 'PAGE_STARTED'}
2026-06-25 15:00:30,914 INFO {'document': '3M_2015_10K', 'page': 71, 'status': 'PAGE_STARTED'}
2026-06-25 15:00:30,923 INFO {'document': '3M_2015_10K', 'page': 72, 'status': 'PAGE_STARTED'}
2026-06-25 15:00:30,929 INFO {'document': '3M_2015_10K', 'page': 73, 'status': 'PAGE_STARTED'}
2026-06-25 15:00:30,940 INFO {'document': '3M_2015_10K', 'page': 74, 'status': 'PAGE_STARTED'}
2026-06-25 15:00:30,944 INFO {'document': '3M_2015_10K', 'page': 75, 'status': 'PAGE_STARTED'}
2026-06-25 15:00:30,946 INFO {'document': '3M_2015_10K', 'page': 76, 'status': 'PAGE_STARTED'}
2026-06-25 15:00:30,956 INFO {'document': '3M_2015_10K', 'page': 77, 'status': 'PAGE_STARTED'}
2026-06-25 15:00:30,962 INFO {'document': '3M_2015_10K', 'page': 78, 'status': 'PAGE_STARTED'}
2026-06-25 15:00:30,971 INFO {'document': '3M_2015_10K', 'page': 79, 'status': 'PAGE_STARTED'}
2026-06-25 15:00:30,977 INFO {'document': '3M_2015_10K', 'page': 80, 'status': 'PAGE_STARTED'}
2026-06-25 15:00:30,982 INFO {'document': '3M_2015_10K', 'page': 81, 'status': 'PAGE_STARTED'}
2026-06-25 15:00:30,988 INFO {'document': '3M_2015_10K', 'page': 82, 'status': 'PAGE_STARTED'}
2026-06-25 15:00:30,988 INFO {'document': '3M_2015_10K', 'page': 83, 'status': 'PAGE_STARTED'}
2026-06-25 15:00:30,998 INFO {'document': '3M_2015_10K', 'page': 84, 'status': 'PAGE_STARTED'}
2026-06-25 15:00:31,004 INFO {'document': '3M_2015_10K', 'page': 85, 'status': 'PAGE_STARTED'}
2026-06-25 15:00:31,011 INFO {'document': '3M_2015_10K', 'page': 86, 'status': 'PAGE_STARTED'}
2026-06-25 15:00:31,019 INFO {'document': '3M_2015_10K', 'page': 87, 'status': 'PAGE_STARTED'}
2026-06-25 15:00:31,019 INFO {'document': '3M_2015_10K', 'page': 88, 'status': 'PAGE_STARTED'}
2026-06-25 15:00:31,030 INFO {'document': '3M_2015_10K', 'page': 89, 'status': 'PAGE_STARTED'}
2026-06-25 15:00:31,040 INFO {'document': '3M_2015_10K', 'page': 90, 'status': 'PAGE_STARTED'}
2026-06-25 15:00:31,053 INFO {'document': '3M_2015_10K', 'page': 91, 'status': 'PAGE_STARTED'}
2026-06-25 15:00:31,064 INFO {'document': '3M_2015_10K', 'page': 92, 'status': 'PAGE_STARTED'}
2026-06-25 15:00:31,072 INFO {'document': '3M_2015_10K', 'page': 93, 'status': 'PAGE_STARTED'}
2026-06-25 15:00:31,087 INFO {'document': '3M_2015_10K', 'page': 94, 'status': 'PAGE_STARTED'}
2026-06-25 15:00:31,094 INFO {'document': '3M_2015_10K', 'page': 95, 'status': 'PAGE_STARTED'}
2026-06-25 15:00:31,105 INFO {'document': '3M_2015_10K', 'page': 96, 'status': 'PAGE_STARTED'}
2026-06-25 15:00:31,120 INFO {'document': '3M_2015_10K', 'page': 97, 'status': 'PAGE_STARTED'}
2026-06-25 15:00:31,133 INFO {'document': '3M_2015_10K', 'page': 98, 'status': 'PAGE_STARTED'}
2026-06-25 15:00:31,137 INFO {'document': '3M_2015_10K', 'page': 99, 'status': 'PAGE_STARTED'}
2026-06-25 15:00:31,151 INFO {'document': '3M_2015_10K', 'page': 100, 'status': 'PAGE_STARTED'}
2026-06-25 15:00:31,160 INFO {'document': '3M_2015_10K', 'page': 101, 'status': 'PAGE_STARTED'}
2026-06-25 15:00:31,171 INFO {'document': '3M_2015_10K', 'page': 102, 'status': 'PAGE_STARTED'}
2026-06-25 15:00:31,178 INFO {'document': '3M_2015_10K', 'page': 103, 'status': 'PAGE_STARTED'}
2026-06-25 15:00:31,184 INFO {'document': '3M_2015_10K', 'page': 104, 'status': 'PAGE_STARTED'}
2026-06-25 15:00:31,193 INFO {'document': '3M_2015_10K', 'page': 105, 'status': 'PAGE_STARTED'}
2026-06-25 15:00:31,201 INFO {'document': '3M_2015_10K', 'page': 106, 'status': 'PAGE_STARTED'}
2026-06-25 15:00:31,210 INFO {'document': '3M_2015_10K', 'page': 107, 'status': 'PAGE_STARTED'}
2026-06-25 15:00:31,217 INFO {'document': '3M_2015_10K', 'page': 108, 'status': 'PAGE_STARTED'}
2026-06-25 15:00:31,225 INFO {'document': '3M_2015_10K', 'page': 109, 'status': 'PAGE_STARTED'}
2026-06-25 15:00:31,233 INFO {'document': '3M_2015_10K', 'page': 110, 'status': 'PAGE_STARTED'}
2026-06-25 15:00:31,241 INFO {'document': '3M_2015_10K', 'page': 111, 'status': 'PAGE_STARTED'}
2026-06-25 15:00:31,249 INFO {'document': '3M_2015_10K', 'page': 112, 'status': 'PAGE_STARTED'}
2026-06-25 15:00:31,258 INFO {'document': '3M_2015_10K', 'page': 113, 'status': 'PAGE_STARTED'}
2026-06-25 15:00:31,263 INFO {'document': '3M_2015_10K', 'page': 114, 'status': 'PAGE_STARTED'}
2026-06-25 15:00:31,273 INFO {'document': '3M_2015_10K', 'page': 115, 'status': 'PAGE_STARTED'}
2026-06-25 15:00:31,284 INFO {'document': '3M_2015_10K', 'page': 116, 'status': 'PAGE_STARTED'}
2026-06-25 15:00:31,295 INFO {'document': '3M_2015_10K', 'page': 117, 'status': 'PAGE_STARTED'}
2026-06-25 15:00:31,307 INFO {'document': '3M_2015_10K', 'page': 118, 'status': 'PAGE_STARTED'}
2026-06-25 15:00:31,316 INFO {'document': '3M_2015_10K', 'page': 119, 'status': 'PAGE_STARTED'}
2026-06-25 15:00:31,330 INFO {'document': '3M_2015_10K', 'page': 120, 'status': 'PAGE_STARTED'}
2026-06-25 15:00:31,358 INFO {'document': '3M_2015_10K', 'page': 121, 'status': 'PAGE_STARTED'}
2026-06-25 15:00:31,373 INFO {'document': '3M_2015_10K', 'page': 122, 'status': 'PAGE_STARTED'}
2026-06-25 15:00:31,385 INFO {'document': '3M_2015_10K', 'page': 123, 'status': 'PAGE_STARTED'}
2026-06-25 15:00:31,397 INFO {'document': '3M_2015_10K', 'page': 124, 'status': 'PAGE_STARTED'}
2026-06-25 15:00:31,411 INFO {'document': '3M_2015_10K', 'page': 125, 'status': 'PAGE_STARTED'}
2026-06-25 15:00:31,423 INFO {'document': '3M_2015_10K', 'page': 126, 'status': 'PAGE_STARTED'}
2026-06-25 15:00:31,433 INFO {'document': '3M_2015_10K', 'page': 127, 'status': 'PAGE_STARTED'}
2026-06-25 15:00:31,445 INFO {'document': '3M_2015_10K', 'page': 128, 'status': 'PAGE_STARTED'}
2026-06-25 15:00:31,454 INFO {'document': '3M_2015_10K', 'page': 129, 'status': 'PAGE_STARTED'}
2026-06-25 15:00:31,463 INFO {'document': '3M_2015_10K', 'page': 130, 'status': 'PAGE_STARTED'}
2026-06-25 15:00:31,476 INFO {'document': '3M_2015_10K', 'page': 131, 'status': 'PAGE_STARTED'}
2026-06-25 15:00:31,476 INFO {'document': '3M_2015_10K', 'page': 132, 'status': 'PAGE_STARTED'}
2026-06-25 15:00:31,492 INFO {'document': '3M_2015_10K', 'page': 133, 'status': 'PAGE_STARTED'}
2026-06-25 15:00:31,500 INFO {'document': '3M_2015_10K', 'page': 134, 'status': 'PAGE_STARTED'}
2026-06-25 15:00:31,509 INFO {'document': '3M_2015_10K', 'page': 135, 'status': 'PAGE_STARTED'}
2026-06-25 15:00:31,516 INFO {'document': '3M_2015_10K', 'page': 136, 'status': 'PAGE_STARTED'}
2026-06-25 15:00:31,523 INFO {'document': '3M_2015_10K', 'page': 137, 'status': 'PAGE_STARTED'}
2026-06-25 15:00:31,530 INFO {'document': '3M_2015_10K', 'page': 138, 'status': 'PAGE_STARTED'}
2026-06-25 15:00:31,540 INFO {'document': '3M_2015_10K', 'page': 139, 'status': 'PAGE_STARTED'}
2026-06-25 15:00:31,550 INFO {'document': '3M_2015_10K', 'page': 140, 'status': 'PAGE_STARTED'}
2026-06-25 15:00:31,563 INFO {'document': '3M_2015_10K', 'page': 141, 'status': 'PAGE_STARTED'}
2026-06-25 15:00:31,574 INFO {'document': '3M_2015_10K', 'page': 142, 'status': 'PAGE_STARTED'}
2026-06-25 15:00:31,584 INFO {'document': '3M_2015_10K', 'page': 143, 'status': 'PAGE_STARTED'}
2026-06-25 15:00:31,595 INFO {'document': '3M_2015_10K', 'page': 144, 'status': 'PAGE_STARTED'}
2026-06-25 15:00:31,602 INFO {'document': '3M_2015_10K', 'page': 145, 'status': 'PAGE_STARTED'}
2026-06-25 15:00:31,610 INFO {'document': '3M_2015_10K', 'page': 146, 'status': 'PAGE_STARTED'}
2026-06-25 15:00:31,618 INFO {'document': '3M_2015_10K', 'page': 147, 'status': 'PAGE_STARTED'}
2026-06-25 15:00:31,625 INFO {'document': '3M_2015_10K', 'page': 148, 'status': 'PAGE_STARTED'}
2026-06-25 15:00:31,632 INFO {'document': '3M_2015_10K', 'page': 149, 'status': 'PAGE_STARTED'}
2026-06-25 15:00:31,646 INFO {'document': '3M_2015_10K', 'page': 150, 'status': 'PAGE_STARTED'}
2026-06-25 15:00:31,655 INFO {'document': '3M_2015_10K', 'page': 151, 'status': 'PAGE_STARTED'}
2026-06-25 15:00:31,667 INFO {'document': '3M_2015_10K', 'page': 152, 'status': 'PAGE_STARTED'}
2026-06-25 15:00:31,679 INFO {'document': '3M_2015_10K', 'page': 153, 'status': 'PAGE_STARTED'}
2026-06-25 15:00:31,688 INFO {'document': '3M_2015_10K', 'page': 154, 'status': 'PAGE_STARTED'}
2026-06-25 15:00:31,703 INFO {'document': '3M_2015_10K', 'page': 155, 'status': 'PAGE_STARTED'}
2026-06-25 15:00:31,710 INFO {'document': '3M_2015_10K', 'page': 156, 'status': 'PAGE_STARTED'}
2026-06-25 15:00:31,727 INFO {'document': '3M_2015_10K', 'page': 157, 'status': 'PAGE_STARTED'}
2026-06-25 15:00:31,738 INFO {'document': '3M_2015_10K', 'page': 158, 'status': 'PAGE_STARTED'}
2026-06-25 15:01:20,330 INFO detected formats: [<InputFormat.PDF: 'pdf'>]
2026-06-25 15:01:21,013 INFO Going to convert document batch...
2026-06-25 15:01:21,018 INFO Initializing pipeline for StandardPdfPipeline with options hash 535234bd6bb69c9e5b7f13b6eb220249
2026-06-25 15:01:21,245 INFO Loading plugin 'docling_defaults'
2026-06-25 15:01:21,262 INFO Registered picture descriptions: ['picture_description_vlm_engine', 'vlm', 'api']
2026-06-25 15:01:21,469 INFO detected formats: [<InputFormat.PDF: 'pdf'>]
2026-06-25 15:01:21,485 INFO Loading plugin 'docling_defaults'
2026-06-25 15:01:21,517 INFO Registered ocr engines: ['auto', 'easyocr', 'ocrmac', 'rapidocr', 'tesserocr', 'tesseract']
2026-06-25 15:01:21,606 INFO detected formats: [<InputFormat.PDF: 'pdf'>]
2026-06-25 15:01:21,693 INFO Going to convert document batch...
2026-06-25 15:01:21,697 INFO Initializing pipeline for StandardPdfPipeline with options hash 535234bd6bb69c9e5b7f13b6eb220249
2026-06-25 15:01:21,705 INFO Loading plugin 'docling_defaults'
2026-06-25 15:01:21,726 INFO Registered layout engines: ['layout_object_detection', 'docling_layout_default', 'docling_experimental_table_crops_layout']
2026-06-25 15:01:21,762 INFO Accelerator device: 'cpu'
2026-06-25 15:01:21,830 INFO Going to convert document batch...
2026-06-25 15:01:21,831 INFO Initializing pipeline for StandardPdfPipeline with options hash 535234bd6bb69c9e5b7f13b6eb220249
2026-06-25 15:01:21,893 INFO Loading plugin 'docling_defaults'
2026-06-25 15:01:21,908 INFO Registered picture descriptions: ['picture_description_vlm_engine', 'vlm', 'api']
2026-06-25 15:01:22,031 INFO Loading plugin 'docling_defaults'
2026-06-25 15:01:22,043 INFO Registered picture descriptions: ['picture_description_vlm_engine', 'vlm', 'api']
2026-06-25 15:01:22,117 INFO Loading plugin 'docling_defaults'
2026-06-25 15:01:22,142 INFO Registered ocr engines: ['auto', 'easyocr', 'ocrmac', 'rapidocr', 'tesserocr', 'tesseract']
2026-06-25 15:01:22,267 INFO Loading plugin 'docling_defaults'
2026-06-25 15:01:22,290 INFO Registered ocr engines: ['auto', 'easyocr', 'ocrmac', 'rapidocr', 'tesserocr', 'tesseract']
2026-06-25 15:01:22,363 INFO Loading plugin 'docling_defaults'
2026-06-25 15:01:22,377 INFO Registered layout engines: ['layout_object_detection', 'docling_layout_default', 'docling_experimental_table_crops_layout']
2026-06-25 15:01:22,409 INFO Accelerator device: 'cpu'
2026-06-25 15:01:22,472 INFO detected formats: [<InputFormat.PDF: 'pdf'>]
2026-06-25 15:01:22,492 INFO Loading plugin 'docling_defaults'
2026-06-25 15:01:22,510 INFO Registered layout engines: ['layout_object_detection', 'docling_layout_default', 'docling_experimental_table_crops_layout']
2026-06-25 15:01:22,541 INFO Accelerator device: 'cpu'
2026-06-25 15:01:22,723 INFO Going to convert document batch...
2026-06-25 15:01:22,725 INFO Initializing pipeline for StandardPdfPipeline with options hash 535234bd6bb69c9e5b7f13b6eb220249
2026-06-25 15:01:22,946 INFO Loading plugin 'docling_defaults'
2026-06-25 15:01:22,964 INFO Registered picture descriptions: ['picture_description_vlm_engine', 'vlm', 'api']
2026-06-25 15:01:23,230 INFO Loading plugin 'docling_defaults'
2026-06-25 15:01:23,257 INFO Registered ocr engines: ['auto', 'easyocr', 'ocrmac', 'rapidocr', 'tesserocr', 'tesseract']
2026-06-25 15:01:23,511 INFO Loading plugin 'docling_defaults'
2026-06-25 15:01:23,529 INFO Registered layout engines: ['layout_object_detection', 'docling_layout_default', 'docling_experimental_table_crops_layout']
2026-06-25 15:01:23,573 INFO Accelerator device: 'cpu'
2026-06-25 15:01:26,851 INFO Loading plugin 'docling_defaults'
2026-06-25 15:01:26,859 INFO Loading plugin 'docling_defaults'
2026-06-25 15:01:26,863 INFO Registered table structure engines: ['docling_tableformer', 'docling_tableformer_v2']
2026-06-25 15:01:26,866 INFO Loading plugin 'docling_defaults'
2026-06-25 15:01:26,869 INFO Registered table structure engines: ['docling_tableformer', 'docling_tableformer_v2']
2026-06-25 15:01:26,876 INFO Registered table structure engines: ['docling_tableformer', 'docling_tableformer_v2']
2026-06-25 15:01:27,600 INFO Accelerator device: 'cpu'
2026-06-25 15:01:27,600 INFO Accelerator device: 'cpu'
2026-06-25 15:01:27,786 INFO Loading plugin 'docling_defaults'
2026-06-25 15:01:27,794 INFO Registered table structure engines: ['docling_tableformer', 'docling_tableformer_v2']
2026-06-25 15:01:28,220 INFO Accelerator device: 'cpu'
2026-06-25 15:01:30,285 ERROR {'document': '3M_2015_10K', 'page': 4, 'status': 'DLQ', 'engine': 'pypdf_text', 'reason': 'Extraction Exception', 'retry_count': 0, 'error': 'The paging file is too small for this operation to complete. (os error 1455)'}
2026-06-25 15:01:30,581 INFO Processing document page_2.pdf
2026-06-25 15:01:30,587 INFO Processing document page_3.pdf
2026-06-25 15:01:30,706 INFO Processing document page_1.pdf
2026-06-25 15:01:33,689 INFO detected formats: [<InputFormat.PDF: 'pdf'>]
2026-06-25 15:01:33,694 INFO Going to convert document batch...
2026-06-25 15:01:33,694 INFO Initializing pipeline for StandardPdfPipeline with options hash 535234bd6bb69c9e5b7f13b6eb220249
2026-06-25 15:01:33,696 INFO Accelerator device: 'cpu'
2026-06-25 15:01:36,534 INFO Accelerator device: 'cpu'
2026-06-25 15:01:37,979 INFO Processing document page_5.pdf
2026-06-25 15:01:44,378 INFO Finished converting document page_3.pdf in 22.91 sec.
2026-06-25 15:01:44,392 ERROR {'document': '3M_2015_10K', 'page': 3, 'status': 'DLQ', 'engine': None, 'reason': 'Fidelity Check Failed: low_entropy_garbage', 'retry_count': 0, 'error': 'None'}
2026-06-25 15:01:44,835 INFO Finished converting document page_1.pdf in 23.23 sec.
2026-06-25 15:01:44,844 ERROR {'document': '3M_2015_10K', 'page': 1, 'status': 'DLQ', 'engine': None, 'reason': 'Fidelity Check Failed: low_entropy_garbage', 'retry_count': 0, 'error': 'None'}
2026-06-25 15:01:47,857 INFO detected formats: [<InputFormat.PDF: 'pdf'>]
2026-06-25 15:01:47,857 INFO Going to convert document batch...
2026-06-25 15:01:47,862 INFO Initializing pipeline for StandardPdfPipeline with options hash c68738c51fbd2866ae1d23dcd3465e1a
2026-06-25 15:01:47,862 INFO Accelerator device: 'cpu'
2026-06-25 15:01:48,180 INFO Finished converting document page_5.pdf in 14.50 sec.
2026-06-25 15:01:48,189 ERROR {'document': '3M_2015_10K', 'page': 5, 'status': 'DLQ', 'engine': None, 'reason': 'Fidelity Check Failed: low_entropy_garbage', 'retry_count': 0, 'error': 'None'}
2026-06-25 15:01:48,303 INFO detected formats: [<InputFormat.PDF: 'pdf'>]
2026-06-25 15:01:48,310 INFO Going to convert document batch...
2026-06-25 15:01:48,310 INFO Initializing pipeline for StandardPdfPipeline with options hash c68738c51fbd2866ae1d23dcd3465e1a
2026-06-25 15:01:48,310 INFO Accelerator device: 'cpu'
2026-06-25 15:01:49,659 INFO Accelerator device: 'cpu'
2026-06-25 15:01:50,065 INFO Accelerator device: 'cpu'
2026-06-25 15:01:50,856 INFO detected formats: [<InputFormat.PDF: 'pdf'>]
2026-06-25 15:01:50,860 INFO Going to convert document batch...
2026-06-25 15:01:50,862 INFO Initializing pipeline for StandardPdfPipeline with options hash c68738c51fbd2866ae1d23dcd3465e1a
2026-06-25 15:01:50,864 INFO Accelerator device: 'cpu'
2026-06-25 15:01:51,180 INFO Processing document page_6.pdf
2026-06-25 15:01:51,646 INFO Processing document page_7.pdf
2026-06-25 15:01:53,941 INFO Accelerator device: 'cpu'
2026-06-25 15:01:56,552 INFO Processing document page_8.pdf
2026-06-25 15:02:01,172 INFO Finished converting document page_2.pdf in 40.84 sec.
2026-06-25 15:02:01,649 ERROR {'document': '3M_2015_10K', 'page': 2, 'status': 'DLQ', 'engine': None, 'reason': 'Fidelity Check Failed: low_entropy_garbage', 'retry_count': 0, 'error': 'None'}
2026-06-25 15:04:31,776 INFO detected formats: [<InputFormat.PDF: 'pdf'>]
2026-06-25 15:04:31,787 INFO Going to convert document batch...
2026-06-25 15:04:31,795 INFO Initializing pipeline for StandardPdfPipeline with options hash c68738c51fbd2866ae1d23dcd3465e1a
2026-06-25 15:04:31,796 INFO Accelerator device: 'cpu'
2026-06-25 15:04:35,997 INFO Finished converting document page_6.pdf in 168.14 sec.
2026-06-25 15:04:36,038 ERROR {'document': '3M_2015_10K', 'page': 6, 'status': 'DLQ', 'engine': None, 'reason': 'Fidelity Check Failed: low_entropy_garbage', 'retry_count': 0, 'error': 'None'}
2026-06-25 15:04:36,894 INFO Accelerator device: 'cpu'
2026-06-25 15:04:40,538 INFO Processing document page_9.pdf
2026-06-25 15:04:42,294 INFO detected formats: [<InputFormat.PDF: 'pdf'>]
2026-06-25 15:04:42,296 INFO Going to convert document batch...
2026-06-25 15:04:42,297 INFO Processing document page_10.pdf
2026-06-25 15:04:45,989 INFO Finished converting document page_7.pdf in 177.69 sec.
2026-06-25 15:04:46,202 ERROR {'document': '3M_2015_10K', 'page': 7, 'status': 'DLQ', 'engine': None, 'reason': 'Fidelity Check Failed: low_entropy_garbage', 'retry_count': 0, 'error': 'None'}
2026-06-25 15:04:49,512 INFO detected formats: [<InputFormat.PDF: 'pdf'>]
2026-06-25 15:04:49,516 INFO Going to convert document batch...
2026-06-25 15:04:49,518 INFO Processing document page_11.pdf
2026-06-25 15:04:49,668 INFO Finished converting document page_9.pdf in 17.89 sec.
2026-06-25 15:04:49,675 ERROR {'document': '3M_2015_10K', 'page': 9, 'status': 'DLQ', 'engine': None, 'reason': 'Fidelity Check Failed: low_entropy_garbage', 'retry_count': 0, 'error': 'None'}
2026-06-25 15:04:50,544 INFO detected formats: [<InputFormat.PDF: 'pdf'>]
2026-06-25 15:04:50,546 INFO Going to convert document batch...
2026-06-25 15:04:50,548 INFO Processing document page_12.pdf
2026-06-25 15:04:51,120 INFO Finished converting document page_10.pdf in 8.83 sec.
2026-06-25 15:04:51,124 ERROR {'document': '3M_2015_10K', 'page': 10, 'status': 'DLQ', 'engine': None, 'reason': 'Fidelity Check Failed: low_entropy_garbage', 'retry_count': 0, 'error': 'None'}
2026-06-25 15:04:52,468 INFO Finished converting document page_8.pdf in 181.61 sec.
2026-06-25 15:04:52,606 ERROR {'document': '3M_2015_10K', 'page': 8, 'status': 'DLQ', 'engine': None, 'reason': 'Fidelity Check Failed: low_entropy_garbage', 'retry_count': 0, 'error': 'None'}
2026-06-25 15:04:53,148 INFO detected formats: [<InputFormat.PDF: 'pdf'>]
2026-06-25 15:04:53,151 INFO Going to convert document batch...
2026-06-25 15:04:53,153 INFO Processing document page_13.pdf
2026-06-25 15:04:55,003 INFO detected formats: [<InputFormat.PDF: 'pdf'>]
2026-06-25 15:04:55,007 INFO Going to convert document batch...
2026-06-25 15:04:55,009 INFO Processing document page_14.pdf
2026-06-25 15:04:56,820 INFO Finished converting document page_12.pdf in 6.28 sec.
2026-06-25 15:04:56,820 ERROR {'document': '3M_2015_10K', 'page': 12, 'status': 'DLQ', 'engine': None, 'reason': 'Fidelity Check Failed: low_entropy_garbage', 'retry_count': 0, 'error': 'None'}
2026-06-25 15:04:56,957 INFO Finished converting document page_11.pdf in 7.44 sec.
2026-06-25 15:04:56,961 ERROR {'document': '3M_2015_10K', 'page': 11, 'status': 'DLQ', 'engine': None, 'reason': 'Fidelity Check Failed: low_entropy_garbage', 'retry_count': 0, 'error': 'None'}
2026-06-25 15:04:58,565 INFO detected formats: [<InputFormat.PDF: 'pdf'>]
2026-06-25 15:04:58,567 INFO Going to convert document batch...
2026-06-25 15:04:58,567 INFO Processing document page_15.pdf
2026-06-25 15:04:58,580 INFO detected formats: [<InputFormat.PDF: 'pdf'>]
2026-06-25 15:04:58,580 INFO Going to convert document batch...
2026-06-25 15:04:58,582 INFO Processing document page_16.pdf
2026-06-25 15:05:04,347 INFO Finished converting document page_13.pdf in 11.19 sec.
2026-06-25 15:05:04,419 ERROR {'document': '3M_2015_10K', 'page': 13, 'status': 'DLQ', 'engine': None, 'reason': 'Fidelity Check Failed: low_entropy_garbage', 'retry_count': 0, 'error': 'None'}
2026-06-25 15:05:07,009 INFO detected formats: [<InputFormat.PDF: 'pdf'>]
2026-06-25 15:05:07,009 INFO Going to convert document batch...
2026-06-25 15:05:07,015 INFO Processing document page_17.pdf
2026-06-25 15:05:10,410 INFO Finished converting document page_16.pdf in 11.83 sec.
2026-06-25 15:05:10,415 ERROR {'document': '3M_2015_10K', 'page': 16, 'status': 'DLQ', 'engine': None, 'reason': 'Fidelity Check Failed: low_entropy_garbage', 'retry_count': 0, 'error': 'None'}
2026-06-25 15:05:10,653 INFO Finished converting document page_14.pdf in 15.66 sec.
2026-06-25 15:05:10,665 ERROR {'document': '3M_2015_10K', 'page': 14, 'status': 'DLQ', 'engine': None, 'reason': 'Fidelity Check Failed: low_entropy_garbage', 'retry_count': 0, 'error': 'None'}
2026-06-25 15:05:12,176 INFO detected formats: [<InputFormat.PDF: 'pdf'>]
2026-06-25 15:05:12,176 INFO Going to convert document batch...
2026-06-25 15:05:12,176 INFO Processing document page_18.pdf
2026-06-25 15:05:12,699 INFO Finished converting document page_15.pdf in 14.14 sec.
2026-06-25 15:05:12,715 ERROR {'document': '3M_2015_10K', 'page': 15, 'status': 'DLQ', 'engine': None, 'reason': 'Fidelity Check Failed: low_entropy_garbage', 'retry_count': 0, 'error': 'None'}
2026-06-25 15:05:13,537 INFO Finished converting document page_17.pdf in 6.52 sec.
2026-06-25 15:05:13,541 ERROR {'document': '3M_2015_10K', 'page': 17, 'status': 'DLQ', 'engine': None, 'reason': 'Fidelity Check Failed: low_entropy_garbage', 'retry_count': 0, 'error': 'None'}
2026-06-25 15:05:13,761 INFO detected formats: [<InputFormat.PDF: 'pdf'>]
2026-06-25 15:05:13,771 INFO Going to convert document batch...
2026-06-25 15:05:13,771 INFO Processing document page_19.pdf
2026-06-25 15:05:14,106 INFO detected formats: [<InputFormat.PDF: 'pdf'>]
2026-06-25 15:05:14,110 INFO Going to convert document batch...
2026-06-25 15:05:14,110 INFO Processing document page_20.pdf
2026-06-25 15:05:15,676 INFO detected formats: [<InputFormat.PDF: 'pdf'>]
2026-06-25 15:05:15,676 INFO Going to convert document batch...
2026-06-25 15:05:15,676 INFO Processing document page_21.pdf
2026-06-25 15:05:17,473 INFO Finished converting document page_18.pdf in 5.30 sec.
2026-06-25 15:05:17,483 ERROR {'document': '3M_2015_10K', 'page': 18, 'status': 'DLQ', 'engine': None, 'reason': 'Fidelity Check Failed: low_entropy_garbage', 'retry_count': 0, 'error': 'None'}
2026-06-25 15:05:19,353 INFO detected formats: [<InputFormat.PDF: 'pdf'>]
2026-06-25 15:05:19,360 INFO Going to convert document batch...
2026-06-25 15:05:19,360 INFO Processing document page_22.pdf
2026-06-25 15:05:19,789 INFO Finished converting document page_20.pdf in 5.69 sec.
2026-06-25 15:05:19,789 ERROR {'document': '3M_2015_10K', 'page': 20, 'status': 'DLQ', 'engine': None, 'reason': 'Fidelity Check Failed: low_entropy_garbage', 'retry_count': 0, 'error': 'None'}
2026-06-25 15:05:21,548 INFO detected formats: [<InputFormat.PDF: 'pdf'>]
2026-06-25 15:05:21,550 INFO Going to convert document batch...
2026-06-25 15:05:21,550 INFO Processing document page_23.pdf
2026-06-25 15:05:28,429 INFO Finished converting document page_22.pdf in 9.08 sec.
2026-06-25 15:05:28,438 ERROR {'document': '3M_2015_10K', 'page': 22, 'status': 'DLQ', 'engine': None, 'reason': 'Fidelity Check Failed: low_entropy_garbage', 'retry_count': 0, 'error': 'None'}
2026-06-25 15:05:30,499 INFO Finished converting document page_19.pdf in 16.73 sec.
2026-06-25 15:05:30,513 ERROR {'document': '3M_2015_10K', 'page': 19, 'status': 'DLQ', 'engine': None, 'reason': 'Fidelity Check Failed: low_entropy_garbage', 'retry_count': 0, 'error': 'None'}
2026-06-25 15:05:30,939 INFO detected formats: [<InputFormat.PDF: 'pdf'>]
2026-06-25 15:05:30,941 INFO Going to convert document batch...
2026-06-25 15:05:30,941 INFO Processing document page_24.pdf
2026-06-25 15:05:32,168 INFO detected formats: [<InputFormat.PDF: 'pdf'>]
2026-06-25 15:05:32,168 INFO Going to convert document batch...
2026-06-25 15:05:32,168 INFO Processing document page_25.pdf
2026-06-25 15:05:35,355 INFO Finished converting document page_21.pdf in 19.69 sec.
2026-06-25 15:05:35,365 ERROR {'document': '3M_2015_10K', 'page': 21, 'status': 'DLQ', 'engine': None, 'reason': 'Fidelity Check Failed: low_entropy_garbage', 'retry_count': 0, 'error': 'None'}
2026-06-25 15:05:35,445 INFO Finished converting document page_23.pdf in 13.91 sec.
2026-06-25 15:05:35,450 ERROR {'document': '3M_2015_10K', 'page': 23, 'status': 'DLQ', 'engine': None, 'reason': 'Fidelity Check Failed: low_entropy_garbage', 'retry_count': 0, 'error': 'None'}
2026-06-25 15:05:37,424 INFO detected formats: [<InputFormat.PDF: 'pdf'>]
2026-06-25 15:05:37,427 INFO Going to convert document batch...
2026-06-25 15:05:37,429 INFO Processing document page_26.pdf
2026-06-25 15:05:37,458 INFO detected formats: [<InputFormat.PDF: 'pdf'>]
2026-06-25 15:05:37,458 INFO Going to convert document batch...
2026-06-25 15:05:37,458 INFO Processing document page_27.pdf
2026-06-25 15:05:41,828 INFO Finished converting document page_25.pdf in 9.66 sec.
2026-06-25 15:05:41,838 ERROR {'document': '3M_2015_10K', 'page': 25, 'status': 'DLQ', 'engine': None, 'reason': 'Fidelity Check Failed: low_entropy_garbage', 'retry_count': 0, 'error': 'None'}
2026-06-25 15:05:42,888 INFO Finished converting document page_24.pdf in 11.95 sec.
2026-06-25 15:05:42,895 ERROR {'document': '3M_2015_10K', 'page': 24, 'status': 'DLQ', 'engine': None, 'reason': 'Fidelity Check Failed: low_entropy_garbage', 'retry_count': 0, 'error': 'None'}
2026-06-25 15:05:43,779 INFO detected formats: [<InputFormat.PDF: 'pdf'>]
2026-06-25 15:05:43,781 INFO Going to convert document batch...
2026-06-25 15:05:43,781 INFO Processing document page_28.pdf
2026-06-25 15:05:44,287 INFO detected formats: [<InputFormat.PDF: 'pdf'>]
2026-06-25 15:05:44,287 INFO Going to convert document batch...
2026-06-25 15:05:44,287 INFO Processing document page_29.pdf
2026-06-25 15:05:48,689 INFO Finished converting document page_26.pdf in 11.27 sec.
2026-06-25 15:05:48,694 ERROR {'document': '3M_2015_10K', 'page': 26, 'status': 'DLQ', 'engine': None, 'reason': 'Fidelity Check Failed: low_entropy_garbage', 'retry_count': 0, 'error': 'None'}
2026-06-25 15:05:48,819 INFO Finished converting document page_27.pdf in 11.38 sec.
2026-06-25 15:05:48,833 ERROR {'document': '3M_2015_10K', 'page': 27, 'status': 'DLQ', 'engine': None, 'reason': 'Fidelity Check Failed: low_entropy_garbage', 'retry_count': 0, 'error': 'None'}
2026-06-25 15:05:50,054 INFO Finished converting document page_29.pdf in 5.78 sec.
2026-06-25 15:05:50,054 ERROR {'document': '3M_2015_10K', 'page': 29, 'status': 'DLQ', 'engine': None, 'reason': 'Fidelity Check Failed: low_entropy_garbage', 'retry_count': 0, 'error': 'None'}
2026-06-25 15:05:50,736 INFO detected formats: [<InputFormat.PDF: 'pdf'>]
2026-06-25 15:05:50,738 INFO Going to convert document batch...
2026-06-25 15:05:50,738 INFO Processing document page_31.pdf
2026-06-25 15:05:50,935 INFO detected formats: [<InputFormat.PDF: 'pdf'>]
2026-06-25 15:05:50,937 INFO Going to convert document batch...
2026-06-25 15:05:50,937 INFO Processing document page_30.pdf
2026-06-25 15:05:51,023 INFO detected formats: [<InputFormat.PDF: 'pdf'>]
2026-06-25 15:05:51,028 INFO Going to convert document batch...
2026-06-25 15:05:51,030 INFO Processing document page_32.pdf
2026-06-25 15:05:54,533 INFO Finished converting document page_28.pdf in 10.75 sec.
2026-06-25 15:05:54,533 ERROR {'document': '3M_2015_10K', 'page': 28, 'status': 'DLQ', 'engine': None, 'reason': 'Fidelity Check Failed: low_entropy_garbage', 'retry_count': 0, 'error': 'None'}
2026-06-25 15:05:56,683 INFO Finished converting document page_32.pdf in 5.66 sec.
2026-06-25 15:05:56,684 ERROR {'document': '3M_2015_10K', 'page': 32, 'status': 'DLQ', 'engine': None, 'reason': 'Fidelity Check Failed: low_entropy_garbage', 'retry_count': 0, 'error': 'None'}
2026-06-25 15:05:58,331 INFO detected formats: [<InputFormat.PDF: 'pdf'>]
2026-06-25 15:05:58,335 INFO Going to convert document batch...
2026-06-25 15:05:58,335 INFO Processing document page_33.pdf
2026-06-25 15:05:59,175 INFO detected formats: [<InputFormat.PDF: 'pdf'>]
2026-06-25 15:05:59,178 INFO Going to convert document batch...
2026-06-25 15:05:59,181 INFO Processing document page_34.pdf
2026-06-25 15:06:01,414 INFO Finished converting document page_31.pdf in 10.69 sec.
2026-06-25 15:06:01,427 ERROR {'document': '3M_2015_10K', 'page': 31, 'status': 'DLQ', 'engine': None, 'reason': 'Fidelity Check Failed: low_entropy_garbage', 'retry_count': 0, 'error': 'None'}
2026-06-25 15:06:02,757 INFO Finished converting document page_30.pdf in 11.83 sec.
2026-06-25 15:06:02,771 ERROR {'document': '3M_2015_10K', 'page': 30, 'status': 'DLQ', 'engine': None, 'reason': 'Fidelity Check Failed: low_entropy_garbage', 'retry_count': 0, 'error': 'None'}
2026-06-25 15:06:04,073 INFO detected formats: [<InputFormat.PDF: 'pdf'>]
2026-06-25 15:06:04,073 INFO Going to convert document batch...
2026-06-25 15:06:04,079 INFO Processing document page_35.pdf
2026-06-25 15:06:04,850 INFO detected formats: [<InputFormat.PDF: 'pdf'>]
2026-06-25 15:06:04,850 INFO Going to convert document batch...
2026-06-25 15:06:04,850 INFO Processing document page_36.pdf
2026-06-25 15:06:12,027 INFO Finished converting document page_34.pdf in 12.86 sec.
2026-06-25 15:06:12,038 ERROR {'document': '3M_2015_10K', 'page': 34, 'status': 'DLQ', 'engine': None, 'reason': 'Fidelity Check Failed: low_entropy_garbage', 'retry_count': 0, 'error': 'None'}
2026-06-25 15:06:13,365 INFO detected formats: [<InputFormat.PDF: 'pdf'>]
2026-06-25 15:06:13,365 INFO Going to convert document batch...
2026-06-25 15:06:13,365 INFO Processing document page_37.pdf
2026-06-25 15:06:14,758 INFO Finished converting document page_35.pdf in 10.69 sec.
2026-06-25 15:06:14,767 ERROR {'document': '3M_2015_10K', 'page': 35, 'status': 'DLQ', 'engine': None, 'reason': 'Fidelity Check Failed: low_entropy_garbage', 'retry_count': 0, 'error': 'None'}
2026-06-25 15:06:15,431 INFO Finished converting document page_36.pdf in 10.59 sec.
2026-06-25 15:06:15,435 ERROR {'document': '3M_2015_10K', 'page': 36, 'status': 'DLQ', 'engine': None, 'reason': 'Fidelity Check Failed: low_entropy_garbage', 'retry_count': 0, 'error': 'None'}
2026-06-25 15:06:16,977 INFO detected formats: [<InputFormat.PDF: 'pdf'>]
2026-06-25 15:06:16,977 INFO Going to convert document batch...
2026-06-25 15:06:16,977 INFO Processing document page_38.pdf
2026-06-25 15:06:17,400 INFO detected formats: [<InputFormat.PDF: 'pdf'>]
2026-06-25 15:06:17,401 INFO Going to convert document batch...
2026-06-25 15:06:17,401 INFO Processing document page_39.pdf
2026-06-25 15:06:18,324 INFO Finished converting document page_37.pdf in 4.97 sec.
2026-06-25 15:06:18,337 ERROR {'document': '3M_2015_10K', 'page': 37, 'status': 'DLQ', 'engine': None, 'reason': 'Fidelity Check Failed: low_entropy_garbage', 'retry_count': 0, 'error': 'None'}
2026-06-25 15:06:20,551 INFO detected formats: [<InputFormat.PDF: 'pdf'>]
2026-06-25 15:06:20,551 INFO Going to convert document batch...
2026-06-25 15:06:20,562 INFO Processing document page_40.pdf
2026-06-25 15:06:23,494 INFO Finished converting document page_33.pdf in 25.17 sec.
2026-06-25 15:06:23,515 ERROR {'document': '3M_2015_10K', 'page': 33, 'status': 'DLQ', 'engine': None, 'reason': 'Fidelity Check Failed: low_entropy_garbage', 'retry_count': 0, 'error': 'None'}
2026-06-25 15:06:23,915 INFO Finished converting document page_39.pdf in 6.51 sec.
2026-06-25 15:06:23,917 ERROR {'document': '3M_2015_10K', 'page': 39, 'status': 'DLQ', 'engine': None, 'reason': 'Fidelity Check Failed: low_entropy_garbage', 'retry_count': 0, 'error': 'None'}
2026-06-25 15:06:25,291 INFO Finished converting document page_38.pdf in 8.31 sec.
2026-06-25 15:06:25,301 ERROR {'document': '3M_2015_10K', 'page': 38, 'status': 'DLQ', 'engine': None, 'reason': 'Fidelity Check Failed: low_entropy_garbage', 'retry_count': 0, 'error': 'None'}
2026-06-25 15:06:25,825 INFO detected formats: [<InputFormat.PDF: 'pdf'>]
2026-06-25 15:06:25,835 INFO Going to convert document batch...
2026-06-25 15:06:25,835 INFO Processing document page_42.pdf
2026-06-25 15:06:26,207 INFO detected formats: [<InputFormat.PDF: 'pdf'>]
2026-06-25 15:06:26,207 INFO Going to convert document batch...
2026-06-25 15:06:26,207 INFO Processing document page_41.pdf
2026-06-25 15:06:27,334 INFO detected formats: [<InputFormat.PDF: 'pdf'>]
2026-06-25 15:06:27,334 INFO Going to convert document batch...
2026-06-25 15:06:27,342 INFO Processing document page_43.pdf
2026-06-25 15:06:33,609 INFO Finished converting document page_40.pdf in 13.06 sec.
2026-06-25 15:06:33,621 ERROR {'document': '3M_2015_10K', 'page': 40, 'status': 'DLQ', 'engine': None, 'reason': 'Fidelity Check Failed: low_entropy_garbage', 'retry_count': 0, 'error': 'None'}
2026-06-25 15:06:34,236 INFO Finished converting document page_43.pdf in 6.91 sec.
2026-06-25 15:06:34,246 ERROR {'document': '3M_2015_10K', 'page': 43, 'status': 'DLQ', 'engine': None, 'reason': 'Fidelity Check Failed: low_entropy_garbage', 'retry_count': 0, 'error': 'None'}
2026-06-25 15:06:36,055 INFO detected formats: [<InputFormat.PDF: 'pdf'>]
2026-06-25 15:06:36,055 INFO Going to convert document batch...
2026-06-25 15:06:36,055 INFO Processing document page_45.pdf
2026-06-25 15:06:36,986 INFO detected formats: [<InputFormat.PDF: 'pdf'>]
2026-06-25 15:06:36,994 INFO Going to convert document batch...
2026-06-25 15:06:36,999 INFO Processing document page_44.pdf
2026-06-25 15:06:38,125 INFO Finished converting document page_42.pdf in 12.30 sec.
2026-06-25 15:06:38,131 ERROR {'document': '3M_2015_10K', 'page': 42, 'status': 'DLQ', 'engine': None, 'reason': 'Fidelity Check Failed: low_entropy_garbage', 'retry_count': 0, 'error': 'None'}
2026-06-25 15:06:40,470 INFO detected formats: [<InputFormat.PDF: 'pdf'>]
2026-06-25 15:06:40,472 INFO Going to convert document batch...
2026-06-25 15:06:40,474 INFO Processing document page_46.pdf
2026-06-25 15:06:42,123 INFO Finished converting document page_41.pdf in 15.92 sec.
2026-06-25 15:06:42,139 ERROR {'document': '3M_2015_10K', 'page': 41, 'status': 'DLQ', 'engine': None, 'reason': 'Fidelity Check Failed: low_entropy_garbage', 'retry_count': 0, 'error': 'None'}
2026-06-25 15:06:43,279 INFO detected formats: [<InputFormat.PDF: 'pdf'>]
2026-06-25 15:06:43,281 INFO Going to convert document batch...
2026-06-25 15:06:43,284 INFO Processing document page_47.pdf
2026-06-25 15:06:43,785 INFO Finished converting document page_45.pdf in 7.72 sec.
2026-06-25 15:06:43,791 ERROR {'document': '3M_2015_10K', 'page': 45, 'status': 'DLQ', 'engine': None, 'reason': 'Fidelity Check Failed: low_entropy_garbage', 'retry_count': 0, 'error': 'None'}
2026-06-25 15:06:45,091 INFO detected formats: [<InputFormat.PDF: 'pdf'>]
2026-06-25 15:06:45,093 INFO Going to convert document batch...
2026-06-25 15:06:45,093 INFO Processing document page_48.pdf
2026-06-25 15:06:50,425 INFO Finished converting document page_44.pdf in 13.44 sec.
2026-06-25 15:06:50,434 ERROR {'document': '3M_2015_10K', 'page': 44, 'status': 'DLQ', 'engine': None, 'reason': 'Fidelity Check Failed: low_entropy_garbage', 'retry_count': 0, 'error': 'None'}
2026-06-25 15:06:50,459 INFO Finished converting document page_46.pdf in 9.99 sec.
2026-06-25 15:06:50,463 ERROR {'document': '3M_2015_10K', 'page': 46, 'status': 'DLQ', 'engine': None, 'reason': 'Fidelity Check Failed: low_entropy_garbage', 'retry_count': 0, 'error': 'None'}
2026-06-25 15:06:50,837 INFO Finished converting document page_48.pdf in 5.75 sec.
2026-06-25 15:06:50,849 ERROR {'document': '3M_2015_10K', 'page': 48, 'status': 'DLQ', 'engine': None, 'reason': 'Fidelity Check Failed: low_entropy_garbage', 'retry_count': 0, 'error': 'None'}
2026-06-25 15:06:51,527 INFO detected formats: [<InputFormat.PDF: 'pdf'>]
2026-06-25 15:06:51,529 INFO Going to convert document batch...
2026-06-25 15:06:51,529 INFO Processing document page_51.pdf
2026-06-25 15:06:51,816 INFO detected formats: [<InputFormat.PDF: 'pdf'>]
2026-06-25 15:06:51,819 INFO Going to convert document batch...
2026-06-25 15:06:51,819 INFO Processing document page_50.pdf
2026-06-25 15:06:52,531 INFO detected formats: [<InputFormat.PDF: 'pdf'>]
2026-06-25 15:06:52,531 INFO Going to convert document batch...
2026-06-25 15:06:52,543 INFO Processing document page_49.pdf
2026-06-25 15:06:58,109 INFO Finished converting document page_47.pdf in 14.83 sec.
2026-06-25 15:06:58,119 ERROR {'document': '3M_2015_10K', 'page': 47, 'status': 'DLQ', 'engine': None, 'reason': 'Fidelity Check Failed: low_entropy_garbage', 'retry_count': 0, 'error': 'None'}
2026-06-25 15:07:01,149 INFO Finished converting document page_49.pdf in 8.62 sec.
2026-06-25 15:07:01,153 ERROR {'document': '3M_2015_10K', 'page': 49, 'status': 'DLQ', 'engine': None, 'reason': 'Fidelity Check Failed: low_entropy_garbage', 'retry_count': 0, 'error': 'None'}
2026-06-25 15:07:01,398 INFO detected formats: [<InputFormat.PDF: 'pdf'>]
2026-06-25 15:07:01,400 INFO Going to convert document batch...
2026-06-25 15:07:01,402 INFO Processing document page_52.pdf
2026-06-25 15:07:06,102 INFO Finished converting document page_51.pdf in 14.58 sec.
2026-06-25 15:07:06,110 ERROR {'document': '3M_2015_10K', 'page': 51, 'status': 'DLQ', 'engine': None, 'reason': 'Fidelity Check Failed: low_entropy_garbage', 'retry_count': 0, 'error': 'None'}
2026-06-25 15:07:07,642 INFO detected formats: [<InputFormat.PDF: 'pdf'>]
2026-06-25 15:07:07,645 INFO Going to convert document batch...
2026-06-25 15:07:07,646 INFO Processing document page_53.pdf
2026-06-25 15:07:10,522 INFO detected formats: [<InputFormat.PDF: 'pdf'>]
2026-06-25 15:07:10,526 INFO Going to convert document batch...
2026-06-25 15:07:10,528 INFO Processing document page_54.pdf
2026-06-25 15:07:13,162 INFO Finished converting document page_50.pdf in 21.34 sec.
2026-06-25 15:07:13,175 ERROR {'document': '3M_2015_10K', 'page': 50, 'status': 'DLQ', 'engine': None, 'reason': 'Fidelity Check Failed: low_entropy_garbage', 'retry_count': 0, 'error': 'None'}
2026-06-25 15:07:15,275 INFO detected formats: [<InputFormat.PDF: 'pdf'>]
2026-06-25 15:07:15,277 INFO Going to convert document batch...
2026-06-25 15:07:15,278 INFO Processing document page_55.pdf
2026-06-25 15:07:22,718 INFO Finished converting document page_55.pdf in 7.44 sec.
2026-06-25 15:07:22,723 ERROR {'document': '3M_2015_10K', 'page': 55, 'status': 'DLQ', 'engine': None, 'reason': 'Fidelity Check Failed: low_entropy_garbage', 'retry_count': 0, 'error': 'None'}
2026-06-25 15:07:25,204 INFO detected formats: [<InputFormat.PDF: 'pdf'>]
2026-06-25 15:07:25,206 INFO Going to convert document batch...
2026-06-25 15:07:25,206 INFO Processing document page_56.pdf
2026-06-25 15:07:31,119 INFO Finished converting document page_52.pdf in 29.72 sec.
2026-06-25 15:07:31,137 ERROR {'document': '3M_2015_10K', 'page': 52, 'status': 'DLQ', 'engine': None, 'reason': 'Fidelity Check Failed: low_entropy_garbage', 'retry_count': 0, 'error': 'None'}
2026-06-25 15:07:34,055 INFO detected formats: [<InputFormat.PDF: 'pdf'>]
2026-06-25 15:07:34,059 INFO Going to convert document batch...
2026-06-25 15:07:34,061 INFO Processing document page_57.pdf
2026-06-25 15:07:38,569 INFO Finished converting document page_56.pdf in 13.36 sec.
2026-06-25 15:07:38,576 ERROR {'document': '3M_2015_10K', 'page': 56, 'status': 'DLQ', 'engine': None, 'reason': 'Fidelity Check Failed: low_entropy_garbage', 'retry_count': 0, 'error': 'None'}
2026-06-25 15:07:41,815 INFO detected formats: [<InputFormat.PDF: 'pdf'>]
2026-06-25 15:07:41,818 INFO Going to convert document batch...
2026-06-25 15:07:41,820 INFO Processing document page_58.pdf
2026-06-25 15:07:42,475 INFO Finished converting document page_54.pdf in 31.95 sec.
2026-06-25 15:07:42,491 ERROR {'document': '3M_2015_10K', 'page': 54, 'status': 'DLQ', 'engine': None, 'reason': 'Fidelity Check Failed: low_entropy_garbage', 'retry_count': 0, 'error': 'None'}
2026-06-25 15:07:42,731 INFO Finished converting document page_57.pdf in 8.67 sec.
2026-06-25 15:07:42,735 ERROR {'document': '3M_2015_10K', 'page': 57, 'status': 'DLQ', 'engine': None, 'reason': 'Fidelity Check Failed: low_entropy_garbage', 'retry_count': 0, 'error': 'None'}
2026-06-25 15:07:45,070 INFO detected formats: [<InputFormat.PDF: 'pdf'>]
2026-06-25 15:07:45,072 INFO Going to convert document batch...
2026-06-25 15:07:45,074 INFO Processing document page_59.pdf
2026-06-25 15:07:45,869 INFO detected formats: [<InputFormat.PDF: 'pdf'>]
2026-06-25 15:07:45,870 INFO Going to convert document batch...
2026-06-25 15:07:45,871 INFO Processing document page_60.pdf
2026-06-25 15:07:51,784 INFO Finished converting document page_58.pdf in 9.97 sec.
2026-06-25 15:07:51,794 ERROR {'document': '3M_2015_10K', 'page': 58, 'status': 'DLQ', 'engine': None, 'reason': 'Fidelity Check Failed: low_entropy_garbage', 'retry_count': 0, 'error': 'None'}
2026-06-25 15:07:55,267 INFO detected formats: [<InputFormat.PDF: 'pdf'>]
2026-06-25 15:07:55,268 INFO Going to convert document batch...
2026-06-25 15:07:55,269 INFO Processing document page_61.pdf
2026-06-25 15:07:55,557 INFO Finished converting document page_59.pdf in 10.48 sec.
2026-06-25 15:07:55,562 ERROR {'document': '3M_2015_10K', 'page': 59, 'status': 'DLQ', 'engine': None, 'reason': 'Fidelity Check Failed: low_entropy_garbage', 'retry_count': 0, 'error': 'None'}
2026-06-25 15:07:58,827 INFO detected formats: [<InputFormat.PDF: 'pdf'>]
2026-06-25 15:07:58,830 INFO Going to convert document batch...
2026-06-25 15:07:58,832 INFO Processing document page_62.pdf
2026-06-25 15:08:00,466 INFO Finished converting document page_53.pdf in 52.83 sec.
2026-06-25 15:08:00,508 ERROR {'document': '3M_2015_10K', 'page': 53, 'status': 'DLQ', 'engine': None, 'reason': 'Fidelity Check Failed: low_entropy_garbage', 'retry_count': 0, 'error': 'None'}
2026-06-25 15:08:03,101 INFO Finished converting document page_60.pdf in 17.24 sec.
2026-06-25 15:08:03,110 ERROR {'document': '3M_2015_10K', 'page': 60, 'status': 'DLQ', 'engine': None, 'reason': 'Fidelity Check Failed: low_entropy_garbage', 'retry_count': 0, 'error': 'None'}
2026-06-25 15:08:03,798 INFO Finished converting document page_61.pdf in 8.53 sec.
2026-06-25 15:08:03,802 ERROR {'document': '3M_2015_10K', 'page': 61, 'status': 'DLQ', 'engine': None, 'reason': 'Fidelity Check Failed: low_entropy_garbage', 'retry_count': 0, 'error': 'None'}
2026-06-25 15:08:04,161 INFO detected formats: [<InputFormat.PDF: 'pdf'>]
2026-06-25 15:08:04,163 INFO Going to convert document batch...
2026-06-25 15:08:04,165 INFO Processing document page_63.pdf
2026-06-25 15:08:05,945 INFO detected formats: [<InputFormat.PDF: 'pdf'>]
2026-06-25 15:08:05,945 INFO Going to convert document batch...
2026-06-25 15:08:05,946 INFO Processing document page_65.pdf
2026-06-25 15:08:06,645 INFO detected formats: [<InputFormat.PDF: 'pdf'>]
2026-06-25 15:08:06,647 INFO Going to convert document batch...
2026-06-25 15:08:06,648 INFO Processing document page_64.pdf
2026-06-25 15:08:07,159 INFO Finished converting document page_62.pdf in 8.33 sec.
2026-06-25 15:08:07,165 ERROR {'document': '3M_2015_10K', 'page': 62, 'status': 'DLQ', 'engine': None, 'reason': 'Fidelity Check Failed: low_entropy_garbage', 'retry_count': 0, 'error': 'None'}
2026-06-25 15:08:09,759 INFO detected formats: [<InputFormat.PDF: 'pdf'>]
2026-06-25 15:08:09,762 INFO Going to convert document batch...
2026-06-25 15:08:09,763 INFO Processing document page_66.pdf
2026-06-25 15:08:13,914 INFO Finished converting document page_65.pdf in 7.98 sec.
2026-06-25 15:08:13,917 ERROR {'document': '3M_2015_10K', 'page': 65, 'status': 'DLQ', 'engine': None, 'reason': 'Fidelity Check Failed: low_entropy_garbage', 'retry_count': 0, 'error': 'None'}
2026-06-25 15:08:16,210 INFO Finished converting document page_66.pdf in 6.45 sec.
2026-06-25 15:08:16,214 ERROR {'document': '3M_2015_10K', 'page': 66, 'status': 'DLQ', 'engine': None, 'reason': 'Fidelity Check Failed: low_entropy_garbage', 'retry_count': 0, 'error': 'None'}
2026-06-25 15:08:16,315 INFO detected formats: [<InputFormat.PDF: 'pdf'>]
2026-06-25 15:08:16,318 INFO Going to convert document batch...
2026-06-25 15:08:16,319 INFO Processing document page_67.pdf
2026-06-25 15:08:17,026 INFO Finished converting document page_63.pdf in 12.88 sec.
2026-06-25 15:08:17,030 ERROR {'document': '3M_2015_10K', 'page': 63, 'status': 'DLQ', 'engine': None, 'reason': 'Fidelity Check Failed: low_entropy_garbage', 'retry_count': 0, 'error': 'None'}
2026-06-25 15:08:17,777 INFO detected formats: [<InputFormat.PDF: 'pdf'>]
2026-06-25 15:08:17,779 INFO Going to convert document batch...
2026-06-25 15:08:17,780 INFO Processing document page_69.pdf
2026-06-25 15:08:17,975 INFO detected formats: [<InputFormat.PDF: 'pdf'>]
2026-06-25 15:08:17,977 INFO Going to convert document batch...
2026-06-25 15:08:17,979 INFO Processing document page_68.pdf
2026-06-25 15:08:26,976 INFO Finished converting document page_69.pdf in 9.20 sec.
2026-06-25 15:08:26,981 ERROR {'document': '3M_2015_10K', 'page': 69, 'status': 'DLQ', 'engine': None, 'reason': 'Fidelity Check Failed: low_entropy_garbage', 'retry_count': 0, 'error': 'None'}
2026-06-25 15:08:27,515 INFO Finished converting document page_64.pdf in 20.88 sec.
2026-06-25 15:08:27,529 ERROR {'document': '3M_2015_10K', 'page': 64, 'status': 'DLQ', 'engine': None, 'reason': 'Fidelity Check Failed: low_entropy_garbage', 'retry_count': 0, 'error': 'None'}
2026-06-25 15:08:29,388 INFO detected formats: [<InputFormat.PDF: 'pdf'>]
2026-06-25 15:08:29,391 INFO Going to convert document batch...
2026-06-25 15:08:29,392 INFO Processing document page_70.pdf
2026-06-25 15:08:30,466 INFO detected formats: [<InputFormat.PDF: 'pdf'>]
2026-06-25 15:08:30,468 INFO Going to convert document batch...
2026-06-25 15:08:30,468 INFO Processing document page_71.pdf
2026-06-25 15:08:35,720 INFO Finished converting document page_67.pdf in 19.41 sec.
2026-06-25 15:08:35,730 ERROR {'document': '3M_2015_10K', 'page': 67, 'status': 'DLQ', 'engine': None, 'reason': 'Fidelity Check Failed: low_entropy_garbage', 'retry_count': 0, 'error': 'None'}
2026-06-25 15:08:37,726 INFO detected formats: [<InputFormat.PDF: 'pdf'>]
2026-06-25 15:08:37,729 INFO Going to convert document batch...
2026-06-25 15:08:37,730 INFO Processing document page_72.pdf
2026-06-25 15:08:39,366 INFO Finished converting document page_68.pdf in 21.39 sec.
2026-06-25 15:08:39,380 ERROR {'document': '3M_2015_10K', 'page': 68, 'status': 'DLQ', 'engine': None, 'reason': 'Fidelity Check Failed: low_entropy_garbage', 'retry_count': 0, 'error': 'None'}
2026-06-25 15:08:41,255 INFO detected formats: [<InputFormat.PDF: 'pdf'>]
2026-06-25 15:08:41,258 INFO Going to convert document batch...
2026-06-25 15:08:41,260 INFO Processing document page_73.pdf
2026-06-25 15:08:50,307 INFO Finished converting document page_71.pdf in 19.84 sec.
2026-06-25 15:08:50,316 ERROR {'document': '3M_2015_10K', 'page': 71, 'status': 'DLQ', 'engine': None, 'reason': 'Fidelity Check Failed: low_entropy_garbage', 'retry_count': 0, 'error': 'None'}
2026-06-25 15:08:50,355 INFO Finished converting document page_70.pdf in 20.97 sec.
2026-06-25 15:08:50,371 ERROR {'document': '3M_2015_10K', 'page': 70, 'status': 'DLQ', 'engine': None, 'reason': 'Fidelity Check Failed: low_entropy_garbage', 'retry_count': 0, 'error': 'None'}
2026-06-25 15:08:52,241 INFO detected formats: [<InputFormat.PDF: 'pdf'>]
2026-06-25 15:08:52,243 INFO Going to convert document batch...
2026-06-25 15:08:52,245 INFO Processing document page_75.pdf
2026-06-25 15:08:52,340 INFO detected formats: [<InputFormat.PDF: 'pdf'>]
2026-06-25 15:08:52,341 INFO Going to convert document batch...
2026-06-25 15:08:52,342 INFO Processing document page_74.pdf
2026-06-25 15:08:55,420 INFO Finished converting document page_73.pdf in 14.17 sec.
2026-06-25 15:08:55,430 ERROR {'document': '3M_2015_10K', 'page': 73, 'status': 'DLQ', 'engine': None, 'reason': 'Fidelity Check Failed: low_entropy_garbage', 'retry_count': 0, 'error': 'None'}
2026-06-25 15:08:57,455 INFO detected formats: [<InputFormat.PDF: 'pdf'>]
2026-06-25 15:08:57,458 INFO Going to convert document batch...
2026-06-25 15:08:57,459 INFO Processing document page_76.pdf
2026-06-25 15:09:01,935 INFO Finished converting document page_72.pdf in 24.20 sec.
2026-06-25 15:09:01,959 ERROR {'document': '3M_2015_10K', 'page': 72, 'status': 'DLQ', 'engine': None, 'reason': 'Fidelity Check Failed: low_entropy_garbage', 'retry_count': 0, 'error': 'None'}
2026-06-25 15:09:03,577 INFO detected formats: [<InputFormat.PDF: 'pdf'>]
2026-06-25 15:09:03,579 INFO Going to convert document batch...
2026-06-25 15:09:03,580 INFO Processing document page_77.pdf
2026-06-25 15:09:04,144 INFO Finished converting document page_75.pdf in 11.89 sec.
2026-06-25 15:09:04,148 ERROR {'document': '3M_2015_10K', 'page': 75, 'status': 'DLQ', 'engine': None, 'reason': 'Fidelity Check Failed: low_entropy_garbage', 'retry_count': 0, 'error': 'None'}
2026-06-25 15:09:05,187 INFO detected formats: [<InputFormat.PDF: 'pdf'>]
2026-06-25 15:09:05,192 INFO Going to convert document batch...
2026-06-25 15:09:05,194 INFO Processing document page_78.pdf
2026-06-25 15:09:08,564 INFO Finished converting document page_76.pdf in 11.11 sec.
2026-06-25 15:09:08,569 ERROR {'document': '3M_2015_10K', 'page': 76, 'status': 'DLQ', 'engine': None, 'reason': 'Fidelity Check Failed: low_entropy_garbage', 'retry_count': 0, 'error': 'None'}
2026-06-25 15:09:11,855 INFO Finished converting document page_74.pdf in 19.52 sec.
2026-06-25 15:09:11,870 ERROR {'document': '3M_2015_10K', 'page': 74, 'status': 'DLQ', 'engine': None, 'reason': 'Fidelity Check Failed: low_entropy_garbage', 'retry_count': 0, 'error': 'None'}
2026-06-25 15:09:12,050 INFO detected formats: [<InputFormat.PDF: 'pdf'>]
2026-06-25 15:09:12,051 INFO Going to convert document batch...
2026-06-25 15:09:12,052 INFO Processing document page_79.pdf
2026-06-25 15:09:14,088 INFO detected formats: [<InputFormat.PDF: 'pdf'>]
2026-06-25 15:09:14,090 INFO Going to convert document batch...
2026-06-25 15:09:14,091 INFO Processing document page_80.pdf
2026-06-25 15:09:14,343 INFO Finished converting document page_78.pdf in 9.16 sec.
2026-06-25 15:09:14,347 ERROR {'document': '3M_2015_10K', 'page': 78, 'status': 'DLQ', 'engine': None, 'reason': 'Fidelity Check Failed: low_entropy_garbage', 'retry_count': 0, 'error': 'None'}
2026-06-25 15:09:16,221 INFO detected formats: [<InputFormat.PDF: 'pdf'>]
2026-06-25 15:09:16,223 INFO Going to convert document batch...
2026-06-25 15:09:16,224 INFO Processing document page_81.pdf
2026-06-25 15:09:16,447 INFO Finished converting document page_77.pdf in 12.88 sec.
2026-06-25 15:09:16,453 ERROR {'document': '3M_2015_10K', 'page': 77, 'status': 'DLQ', 'engine': None, 'reason': 'Fidelity Check Failed: low_entropy_garbage', 'retry_count': 0, 'error': 'None'}
2026-06-25 15:09:18,741 INFO detected formats: [<InputFormat.PDF: 'pdf'>]
2026-06-25 15:09:18,742 INFO Going to convert document batch...
2026-06-25 15:09:18,743 INFO Processing document page_82.pdf
2026-06-25 15:09:22,247 INFO Finished converting document page_81.pdf in 6.03 sec.
2026-06-25 15:09:22,252 ERROR {'document': '3M_2015_10K', 'page': 81, 'status': 'DLQ', 'engine': None, 'reason': 'Fidelity Check Failed: low_entropy_garbage', 'retry_count': 0, 'error': 'None'}
2026-06-25 15:09:23,193 INFO Finished converting document page_80.pdf in 9.09 sec.
2026-06-25 15:09:23,198 ERROR {'document': '3M_2015_10K', 'page': 80, 'status': 'DLQ', 'engine': None, 'reason': 'Fidelity Check Failed: low_entropy_garbage', 'retry_count': 0, 'error': 'None'}
2026-06-25 15:09:24,644 INFO Finished converting document page_82.pdf in 5.91 sec.
2026-06-25 15:09:24,649 ERROR {'document': '3M_2015_10K', 'page': 82, 'status': 'DLQ', 'engine': None, 'reason': 'Fidelity Check Failed: low_entropy_garbage', 'retry_count': 0, 'error': 'None'}
2026-06-25 15:09:24,928 INFO detected formats: [<InputFormat.PDF: 'pdf'>]
2026-06-25 15:09:24,930 INFO Going to convert document batch...
2026-06-25 15:09:24,930 INFO Processing document page_83.pdf
2026-06-25 15:09:25,510 INFO detected formats: [<InputFormat.PDF: 'pdf'>]
2026-06-25 15:09:25,513 INFO Going to convert document batch...
2026-06-25 15:09:25,513 INFO Processing document page_84.pdf
2026-06-25 15:09:28,729 INFO detected formats: [<InputFormat.PDF: 'pdf'>]
2026-06-25 15:09:28,731 INFO Going to convert document batch...
2026-06-25 15:09:28,732 INFO Processing document page_85.pdf
2026-06-25 15:09:46,839 INFO Finished converting document page_79.pdf in 34.80 sec.
2026-06-25 15:09:46,875 ERROR {'document': '3M_2015_10K', 'page': 79, 'status': 'DLQ', 'engine': None, 'reason': 'Fidelity Check Failed: low_entropy_garbage', 'retry_count': 0, 'error': 'None'}
2026-06-25 15:09:52,451 INFO detected formats: [<InputFormat.PDF: 'pdf'>]
2026-06-25 15:09:52,452 INFO Going to convert document batch...
2026-06-25 15:09:52,453 INFO Processing document page_86.pdf
2026-06-25 15:09:57,372 INFO Finished converting document page_84.pdf in 31.86 sec.
2026-06-25 15:09:57,419 ERROR {'document': '3M_2015_10K', 'page': 84, 'status': 'DLQ', 'engine': None, 'reason': 'Fidelity Check Failed: low_entropy_garbage', 'retry_count': 0, 'error': 'None'}
2026-06-25 15:09:57,879 INFO Finished converting document page_83.pdf in 32.95 sec.
2026-06-25 15:09:57,911 ERROR {'document': '3M_2015_10K', 'page': 83, 'status': 'DLQ', 'engine': None, 'reason': 'Fidelity Check Failed: low_entropy_garbage', 'retry_count': 0, 'error': 'None'}
2026-06-25 15:10:00,767 INFO detected formats: [<InputFormat.PDF: 'pdf'>]
2026-06-25 15:10:00,770 INFO Going to convert document batch...
2026-06-25 15:10:00,772 INFO Processing document page_87.pdf
2026-06-25 15:10:04,442 INFO detected formats: [<InputFormat.PDF: 'pdf'>]
2026-06-25 15:10:04,447 INFO Going to convert document batch...
2026-06-25 15:10:04,458 INFO Processing document page_88.pdf
2026-06-25 15:10:10,497 INFO Finished converting document page_85.pdf in 41.76 sec.
2026-06-25 15:10:10,529 ERROR {'document': '3M_2015_10K', 'page': 85, 'status': 'DLQ', 'engine': None, 'reason': 'Fidelity Check Failed: low_entropy_garbage', 'retry_count': 0, 'error': 'None'}
2026-06-25 15:10:12,726 INFO Finished converting document page_87.pdf in 11.97 sec.
2026-06-25 15:10:12,732 ERROR {'document': '3M_2015_10K', 'page': 87, 'status': 'DLQ', 'engine': None, 'reason': 'Fidelity Check Failed: low_entropy_garbage', 'retry_count': 0, 'error': 'None'}
2026-06-25 15:10:14,950 INFO Finished converting document page_86.pdf in 22.50 sec.
2026-06-25 15:10:14,974 ERROR {'document': '3M_2015_10K', 'page': 86, 'status': 'DLQ', 'engine': None, 'reason': 'Fidelity Check Failed: low_entropy_garbage', 'retry_count': 0, 'error': 'None'}
2026-06-25 15:10:15,703 INFO detected formats: [<InputFormat.PDF: 'pdf'>]
2026-06-25 15:10:15,704 INFO Going to convert document batch...
2026-06-25 15:10:15,705 INFO Processing document page_89.pdf
2026-06-25 15:10:16,600 INFO detected formats: [<InputFormat.PDF: 'pdf'>]
2026-06-25 15:10:16,602 INFO Going to convert document batch...
2026-06-25 15:10:16,604 INFO Processing document page_91.pdf
2026-06-25 15:10:18,130 INFO detected formats: [<InputFormat.PDF: 'pdf'>]
2026-06-25 15:10:18,134 INFO Going to convert document batch...
2026-06-25 15:10:18,137 INFO Processing document page_90.pdf
2026-06-25 15:10:26,037 INFO Finished converting document page_91.pdf in 9.44 sec.
2026-06-25 15:10:26,040 ERROR {'document': '3M_2015_10K', 'page': 91, 'status': 'DLQ', 'engine': None, 'reason': 'Fidelity Check Failed: low_entropy_garbage', 'retry_count': 0, 'error': 'None'}
2026-06-25 15:10:29,959 INFO detected formats: [<InputFormat.PDF: 'pdf'>]
2026-06-25 15:10:29,962 INFO Going to convert document batch...
2026-06-25 15:10:29,963 INFO Processing document page_92.pdf
2026-06-25 15:10:39,839 INFO Finished converting document page_92.pdf in 9.89 sec.
2026-06-25 15:10:39,851 ERROR {'document': '3M_2015_10K', 'page': 92, 'status': 'DLQ', 'engine': None, 'reason': 'Fidelity Check Failed: low_entropy_garbage', 'retry_count': 0, 'error': 'None'}
2026-06-25 15:10:45,860 INFO detected formats: [<InputFormat.PDF: 'pdf'>]
2026-06-25 15:10:45,865 INFO Going to convert document batch...
2026-06-25 15:10:45,868 INFO Processing document page_93.pdf
2026-06-25 15:10:56,571 INFO Finished converting document page_88.pdf in 52.14 sec.
2026-06-25 15:10:56,605 ERROR {'document': '3M_2015_10K', 'page': 88, 'status': 'DLQ', 'engine': None, 'reason': 'Fidelity Check Failed: low_entropy_garbage', 'retry_count': 0, 'error': 'None'}
2026-06-25 15:11:02,432 INFO detected formats: [<InputFormat.PDF: 'pdf'>]
2026-06-25 15:11:02,438 INFO Going to convert document batch...
2026-06-25 15:11:02,439 INFO Processing document page_94.pdf
2026-06-25 15:11:08,341 INFO Finished converting document page_89.pdf in 52.64 sec.
2026-06-25 15:11:08,362 ERROR {'document': '3M_2015_10K', 'page': 89, 'status': 'DLQ', 'engine': None, 'reason': 'Fidelity Check Failed: low_entropy_garbage', 'retry_count': 0, 'error': 'None'}
2026-06-25 15:11:10,426 INFO Finished converting document page_90.pdf in 52.30 sec.
2026-06-25 15:11:10,455 ERROR {'document': '3M_2015_10K', 'page': 90, 'status': 'DLQ', 'engine': None, 'reason': 'Fidelity Check Failed: low_entropy_garbage', 'retry_count': 0, 'error': 'None'}
2026-06-25 15:11:11,255 INFO detected formats: [<InputFormat.PDF: 'pdf'>]
2026-06-25 15:11:11,257 INFO Going to convert document batch...
2026-06-25 15:11:11,257 INFO Processing document page_95.pdf
2026-06-25 15:11:13,407 INFO detected formats: [<InputFormat.PDF: 'pdf'>]
2026-06-25 15:11:13,411 INFO Going to convert document batch...
2026-06-25 15:11:13,412 INFO Processing document page_96.pdf
2026-06-25 15:11:14,337 INFO Finished converting document page_94.pdf in 11.91 sec.
2026-06-25 15:11:14,353 ERROR {'document': '3M_2015_10K', 'page': 94, 'status': 'DLQ', 'engine': None, 'reason': 'Fidelity Check Failed: low_entropy_garbage', 'retry_count': 0, 'error': 'None'}
2026-06-25 15:11:16,185 INFO Finished converting document page_93.pdf in 30.33 sec.
2026-06-25 15:11:16,223 ERROR {'document': '3M_2015_10K', 'page': 93, 'status': 'DLQ', 'engine': None, 'reason': 'Fidelity Check Failed: low_entropy_garbage', 'retry_count': 0, 'error': 'None'}
2026-06-25 15:11:18,021 INFO detected formats: [<InputFormat.PDF: 'pdf'>]
2026-06-25 15:11:18,023 INFO Going to convert document batch...
2026-06-25 15:11:18,023 INFO Processing document page_97.pdf
2026-06-25 15:11:20,040 INFO detected formats: [<InputFormat.PDF: 'pdf'>]
2026-06-25 15:11:20,042 INFO Going to convert document batch...
2026-06-25 15:11:20,043 INFO Processing document page_98.pdf
2026-06-25 15:11:31,763 INFO Finished converting document page_95.pdf in 20.52 sec.
2026-06-25 15:11:31,774 ERROR {'document': '3M_2015_10K', 'page': 95, 'status': 'DLQ', 'engine': None, 'reason': 'Fidelity Check Failed: low_entropy_garbage', 'retry_count': 0, 'error': 'None'}
2026-06-25 15:11:33,427 INFO detected formats: [<InputFormat.PDF: 'pdf'>]
2026-06-25 15:11:33,429 INFO Going to convert document batch...
2026-06-25 15:11:33,430 INFO Processing document page_99.pdf
2026-06-25 15:11:38,067 INFO Finished converting document page_97.pdf in 20.05 sec.
2026-06-25 15:11:38,080 ERROR {'document': '3M_2015_10K', 'page': 97, 'status': 'DLQ', 'engine': None, 'reason': 'Fidelity Check Failed: low_entropy_garbage', 'retry_count': 0, 'error': 'None'}
2026-06-25 15:11:40,104 INFO Finished converting document page_99.pdf in 6.69 sec.
2026-06-25 15:11:40,109 ERROR {'document': '3M_2015_10K', 'page': 99, 'status': 'DLQ', 'engine': None, 'reason': 'Fidelity Check Failed: low_entropy_garbage', 'retry_count': 0, 'error': 'None'}
2026-06-25 15:11:40,135 INFO Finished converting document page_98.pdf in 20.09 sec.
2026-06-25 15:11:40,150 ERROR {'document': '3M_2015_10K', 'page': 98, 'status': 'DLQ', 'engine': None, 'reason': 'Fidelity Check Failed: low_entropy_garbage', 'retry_count': 0, 'error': 'None'}
2026-06-25 15:11:40,687 INFO detected formats: [<InputFormat.PDF: 'pdf'>]
2026-06-25 15:11:40,688 INFO Going to convert document batch...
2026-06-25 15:11:40,688 INFO Processing document page_100.pdf
2026-06-25 15:11:41,662 INFO detected formats: [<InputFormat.PDF: 'pdf'>]
2026-06-25 15:11:41,664 INFO Going to convert document batch...
2026-06-25 15:11:41,666 INFO Processing document page_102.pdf
2026-06-25 15:11:41,896 INFO detected formats: [<InputFormat.PDF: 'pdf'>]
2026-06-25 15:11:41,898 INFO Going to convert document batch...
2026-06-25 15:11:41,899 INFO Processing document page_101.pdf
2026-06-25 15:11:45,257 INFO Finished converting document page_96.pdf in 31.84 sec.
2026-06-25 15:11:45,272 ERROR {'document': '3M_2015_10K', 'page': 96, 'status': 'DLQ', 'engine': None, 'reason': 'Fidelity Check Failed: low_entropy_garbage', 'retry_count': 0, 'error': 'None'}
2026-06-25 15:11:47,400 INFO detected formats: [<InputFormat.PDF: 'pdf'>]
2026-06-25 15:11:47,403 INFO Going to convert document batch...
2026-06-25 15:11:47,405 INFO Processing document page_103.pdf
2026-06-25 15:11:54,286 INFO Finished converting document page_102.pdf in 12.62 sec.
2026-06-25 15:11:54,300 ERROR {'document': '3M_2015_10K', 'page': 102, 'status': 'DLQ', 'engine': None, 'reason': 'Fidelity Check Failed: low_entropy_garbage', 'retry_count': 0, 'error': 'None'}
2026-06-25 15:11:54,829 INFO Finished converting document page_103.pdf in 7.42 sec.
2026-06-25 15:11:54,832 ERROR {'document': '3M_2015_10K', 'page': 103, 'status': 'DLQ', 'engine': None, 'reason': 'Fidelity Check Failed: low_entropy_garbage', 'retry_count': 0, 'error': 'None'}
2026-06-25 15:11:56,225 INFO detected formats: [<InputFormat.PDF: 'pdf'>]
2026-06-25 15:11:56,228 INFO Going to convert document batch...
2026-06-25 15:11:56,231 INFO Processing document page_104.pdf
2026-06-25 15:11:56,787 INFO detected formats: [<InputFormat.PDF: 'pdf'>]
2026-06-25 15:11:56,789 INFO Going to convert document batch...
2026-06-25 15:11:56,789 INFO Processing document page_105.pdf
2026-06-25 15:11:58,659 INFO Finished converting document page_101.pdf in 16.77 sec.
2026-06-25 15:11:58,683 ERROR {'document': '3M_2015_10K', 'page': 101, 'status': 'DLQ', 'engine': None, 'reason': 'Fidelity Check Failed: low_entropy_garbage', 'retry_count': 0, 'error': 'None'}
2026-06-25 15:12:01,033 INFO detected formats: [<InputFormat.PDF: 'pdf'>]
2026-06-25 15:12:01,035 INFO Going to convert document batch...
2026-06-25 15:12:01,035 INFO Processing document page_106.pdf
2026-06-25 15:12:04,261 INFO Finished converting document page_104.pdf in 8.05 sec.
2026-06-25 15:12:04,266 ERROR {'document': '3M_2015_10K', 'page': 104, 'status': 'DLQ', 'engine': None, 'reason': 'Fidelity Check Failed: low_entropy_garbage', 'retry_count': 0, 'error': 'None'}
2026-06-25 15:12:04,356 INFO Finished converting document page_105.pdf in 7.58 sec.
2026-06-25 15:12:04,361 ERROR {'document': '3M_2015_10K', 'page': 105, 'status': 'DLQ', 'engine': None, 'reason': 'Fidelity Check Failed: low_entropy_garbage', 'retry_count': 0, 'error': 'None'}
2026-06-25 15:12:06,599 INFO detected formats: [<InputFormat.PDF: 'pdf'>]
2026-06-25 15:12:06,601 INFO Going to convert document batch...
2026-06-25 15:12:06,601 INFO Processing document page_108.pdf
2026-06-25 15:12:06,603 INFO detected formats: [<InputFormat.PDF: 'pdf'>]
2026-06-25 15:12:06,605 INFO Going to convert document batch...
2026-06-25 15:12:06,606 INFO Processing document page_107.pdf
2026-06-25 15:12:09,038 INFO Finished converting document page_106.pdf in 8.01 sec.
2026-06-25 15:12:09,043 ERROR {'document': '3M_2015_10K', 'page': 106, 'status': 'DLQ', 'engine': None, 'reason': 'Fidelity Check Failed: low_entropy_garbage', 'retry_count': 0, 'error': 'None'}
2026-06-25 15:12:13,879 INFO detected formats: [<InputFormat.PDF: 'pdf'>]
2026-06-25 15:12:13,881 INFO Going to convert document batch...
2026-06-25 15:12:13,882 INFO Processing document page_109.pdf
2026-06-25 15:12:15,800 INFO Finished converting document page_100.pdf in 35.11 sec.
2026-06-25 15:12:15,833 ERROR {'document': '3M_2015_10K', 'page': 100, 'status': 'DLQ', 'engine': None, 'reason': 'Fidelity Check Failed: low_entropy_garbage', 'retry_count': 0, 'error': 'None'}
2026-06-25 15:12:16,224 INFO Finished converting document page_107.pdf in 9.61 sec.
2026-06-25 15:12:16,230 ERROR {'document': '3M_2015_10K', 'page': 107, 'status': 'DLQ', 'engine': None, 'reason': 'Fidelity Check Failed: low_entropy_garbage', 'retry_count': 0, 'error': 'None'}
2026-06-25 15:12:17,166 INFO Finished converting document page_108.pdf in 10.58 sec.
2026-06-25 15:12:17,171 ERROR {'document': '3M_2015_10K', 'page': 108, 'status': 'DLQ', 'engine': None, 'reason': 'Fidelity Check Failed: low_entropy_garbage', 'retry_count': 0, 'error': 'None'}
2026-06-25 15:12:18,839 INFO detected formats: [<InputFormat.PDF: 'pdf'>]
2026-06-25 15:12:18,841 INFO Going to convert document batch...
2026-06-25 15:12:18,842 INFO Processing document page_110.pdf
2026-06-25 15:12:19,735 INFO detected formats: [<InputFormat.PDF: 'pdf'>]
2026-06-25 15:12:19,743 INFO Going to convert document batch...
2026-06-25 15:12:19,746 INFO Processing document page_111.pdf
2026-06-25 15:12:20,273 INFO detected formats: [<InputFormat.PDF: 'pdf'>]
2026-06-25 15:12:20,277 INFO Going to convert document batch...
2026-06-25 15:12:20,281 INFO Processing document page_112.pdf
2026-06-25 15:12:22,928 INFO Finished converting document page_109.pdf in 9.05 sec.
2026-06-25 15:12:22,934 ERROR {'document': '3M_2015_10K', 'page': 109, 'status': 'DLQ', 'engine': None, 'reason': 'Fidelity Check Failed: low_entropy_garbage', 'retry_count': 0, 'error': 'None'}
2026-06-25 15:12:27,445 INFO detected formats: [<InputFormat.PDF: 'pdf'>]
2026-06-25 15:12:27,446 INFO Going to convert document batch...
2026-06-25 15:12:27,447 INFO Processing document page_113.pdf
2026-06-25 15:12:28,419 INFO Finished converting document page_110.pdf in 9.58 sec.
2026-06-25 15:12:28,426 ERROR {'document': '3M_2015_10K', 'page': 110, 'status': 'DLQ', 'engine': None, 'reason': 'Fidelity Check Failed: low_entropy_garbage', 'retry_count': 0, 'error': 'None'}
2026-06-25 15:12:30,317 INFO Finished converting document page_111.pdf in 10.58 sec.
2026-06-25 15:12:30,324 ERROR {'document': '3M_2015_10K', 'page': 111, 'status': 'DLQ', 'engine': None, 'reason': 'Fidelity Check Failed: low_entropy_garbage', 'retry_count': 0, 'error': 'None'}
2026-06-25 15:12:32,535 INFO detected formats: [<InputFormat.PDF: 'pdf'>]
2026-06-25 15:12:32,537 INFO Going to convert document batch...
2026-06-25 15:12:32,541 INFO Processing document page_114.pdf
2026-06-25 15:12:35,157 INFO detected formats: [<InputFormat.PDF: 'pdf'>]
2026-06-25 15:12:35,161 INFO Going to convert document batch...
2026-06-25 15:12:35,163 INFO Processing document page_115.pdf
2026-06-25 15:12:36,534 INFO Finished converting document page_112.pdf in 16.25 sec.
2026-06-25 15:12:36,542 ERROR {'document': '3M_2015_10K', 'page': 112, 'status': 'DLQ', 'engine': None, 'reason': 'Fidelity Check Failed: low_entropy_garbage', 'retry_count': 0, 'error': 'None'}
2026-06-25 15:12:41,603 INFO detected formats: [<InputFormat.PDF: 'pdf'>]
2026-06-25 15:12:41,604 INFO Going to convert document batch...
2026-06-25 15:12:41,606 INFO Processing document page_116.pdf
2026-06-25 15:12:48,288 INFO Finished converting document page_114.pdf in 15.75 sec.
2026-06-25 15:12:48,296 ERROR {'document': '3M_2015_10K', 'page': 114, 'status': 'DLQ', 'engine': None, 'reason': 'Fidelity Check Failed: low_entropy_garbage', 'retry_count': 0, 'error': 'None'}
2026-06-25 15:12:52,848 INFO detected formats: [<InputFormat.PDF: 'pdf'>]
2026-06-25 15:12:52,849 INFO Going to convert document batch...
2026-06-25 15:12:52,851 INFO Processing document page_117.pdf
2026-06-25 15:12:53,206 INFO Finished converting document page_113.pdf in 25.77 sec.
2026-06-25 15:12:53,223 ERROR {'document': '3M_2015_10K', 'page': 113, 'status': 'DLQ', 'engine': None, 'reason': 'Fidelity Check Failed: low_entropy_garbage', 'retry_count': 0, 'error': 'None'}
2026-06-25 15:12:54,259 INFO Finished converting document page_115.pdf in 19.11 sec.
2026-06-25 15:12:54,275 ERROR {'document': '3M_2015_10K', 'page': 115, 'status': 'DLQ', 'engine': None, 'reason': 'Fidelity Check Failed: low_entropy_garbage', 'retry_count': 0, 'error': 'None'}
2026-06-25 15:12:54,445 INFO detected formats: [<InputFormat.PDF: 'pdf'>]
2026-06-25 15:12:54,447 INFO Going to convert document batch...
2026-06-25 15:12:54,448 INFO Processing document page_118.pdf
2026-06-25 15:12:55,936 INFO detected formats: [<InputFormat.PDF: 'pdf'>]
2026-06-25 15:12:55,938 INFO Going to convert document batch...
2026-06-25 15:12:55,939 INFO Processing document page_119.pdf
2026-06-25 15:13:01,224 INFO Finished converting document page_118.pdf in 6.78 sec.
2026-06-25 15:13:01,228 ERROR {'document': '3M_2015_10K', 'page': 118, 'status': 'DLQ', 'engine': None, 'reason': 'Fidelity Check Failed: low_entropy_garbage', 'retry_count': 0, 'error': 'None'}
2026-06-25 15:13:02,023 INFO Finished converting document page_119.pdf in 6.09 sec.
2026-06-25 15:13:02,026 ERROR {'document': '3M_2015_10K', 'page': 119, 'status': 'DLQ', 'engine': None, 'reason': 'Fidelity Check Failed: low_entropy_garbage', 'retry_count': 0, 'error': 'None'}
2026-06-25 15:13:02,624 INFO detected formats: [<InputFormat.PDF: 'pdf'>]
2026-06-25 15:13:02,625 INFO Going to convert document batch...
2026-06-25 15:13:02,626 INFO Processing document page_120.pdf
2026-06-25 15:13:03,329 INFO detected formats: [<InputFormat.PDF: 'pdf'>]
2026-06-25 15:13:03,330 INFO Going to convert document batch...
2026-06-25 15:13:03,331 INFO Processing document page_121.pdf
2026-06-25 15:13:07,871 INFO Finished converting document page_116.pdf in 26.26 sec.
2026-06-25 15:13:07,884 ERROR {'document': '3M_2015_10K', 'page': 116, 'status': 'DLQ', 'engine': None, 'reason': 'Fidelity Check Failed: low_entropy_garbage', 'retry_count': 0, 'error': 'None'}
2026-06-25 15:13:09,884 INFO detected formats: [<InputFormat.PDF: 'pdf'>]
2026-06-25 15:13:09,886 INFO Going to convert document batch...
2026-06-25 15:13:09,888 INFO Processing document page_122.pdf
2026-06-25 15:13:12,890 INFO Finished converting document page_121.pdf in 9.56 sec.
2026-06-25 15:13:12,898 ERROR {'document': '3M_2015_10K', 'page': 121, 'status': 'DLQ', 'engine': None, 'reason': 'Fidelity Check Failed: low_entropy_garbage', 'retry_count': 0, 'error': 'None'}
2026-06-25 15:13:13,933 INFO detected formats: [<InputFormat.PDF: 'pdf'>]
2026-06-25 15:13:13,935 INFO Going to convert document batch...
2026-06-25 15:13:13,937 INFO Processing document page_123.pdf
2026-06-25 15:13:14,005 INFO Finished converting document page_120.pdf in 11.38 sec.
2026-06-25 15:13:14,016 ERROR {'document': '3M_2015_10K', 'page': 120, 'status': 'DLQ', 'engine': None, 'reason': 'Fidelity Check Failed: low_entropy_garbage', 'retry_count': 0, 'error': 'None'}
2026-06-25 15:13:15,240 INFO detected formats: [<InputFormat.PDF: 'pdf'>]
2026-06-25 15:13:15,243 INFO Going to convert document batch...
2026-06-25 15:13:15,245 INFO Processing document page_124.pdf
2026-06-25 15:13:18,819 INFO Finished converting document page_117.pdf in 25.97 sec.
2026-06-25 15:13:18,840 ERROR {'document': '3M_2015_10K', 'page': 117, 'status': 'DLQ', 'engine': None, 'reason': 'Fidelity Check Failed: low_entropy_garbage', 'retry_count': 0, 'error': 'None'}
2026-06-25 15:13:20,507 INFO detected formats: [<InputFormat.PDF: 'pdf'>]
2026-06-25 15:13:20,510 INFO Going to convert document batch...
2026-06-25 15:13:20,511 INFO Processing document page_125.pdf
2026-06-25 15:13:21,872 INFO Finished converting document page_123.pdf in 7.94 sec.
2026-06-25 15:13:21,878 ERROR {'document': '3M_2015_10K', 'page': 123, 'status': 'DLQ', 'engine': None, 'reason': 'Fidelity Check Failed: low_entropy_garbage', 'retry_count': 0, 'error': 'None'}
2026-06-25 15:13:24,198 INFO detected formats: [<InputFormat.PDF: 'pdf'>]
2026-06-25 15:13:24,200 INFO Going to convert document batch...
2026-06-25 15:13:24,201 INFO Processing document page_126.pdf
2026-06-25 15:13:27,718 INFO Finished converting document page_125.pdf in 7.22 sec.
2026-06-25 15:13:27,722 ERROR {'document': '3M_2015_10K', 'page': 125, 'status': 'DLQ', 'engine': None, 'reason': 'Fidelity Check Failed: low_entropy_garbage', 'retry_count': 0, 'error': 'None'}
2026-06-25 15:13:29,201 INFO Finished converting document page_124.pdf in 13.97 sec.
2026-06-25 15:13:29,213 ERROR {'document': '3M_2015_10K', 'page': 124, 'status': 'DLQ', 'engine': None, 'reason': 'Fidelity Check Failed: low_entropy_garbage', 'retry_count': 0, 'error': 'None'}
2026-06-25 15:13:30,299 INFO detected formats: [<InputFormat.PDF: 'pdf'>]
2026-06-25 15:13:30,301 INFO Going to convert document batch...
2026-06-25 15:13:30,302 INFO Processing document page_127.pdf
2026-06-25 15:13:31,451 INFO detected formats: [<InputFormat.PDF: 'pdf'>]
2026-06-25 15:13:31,452 INFO Going to convert document batch...
2026-06-25 15:13:31,454 INFO Processing document page_128.pdf
2026-06-25 15:13:31,671 INFO Finished converting document page_126.pdf in 7.47 sec.
2026-06-25 15:13:31,676 ERROR {'document': '3M_2015_10K', 'page': 126, 'status': 'DLQ', 'engine': None, 'reason': 'Fidelity Check Failed: low_entropy_garbage', 'retry_count': 0, 'error': 'None'}
2026-06-25 15:13:33,934 INFO detected formats: [<InputFormat.PDF: 'pdf'>]
2026-06-25 15:13:33,936 INFO Going to convert document batch...
2026-06-25 15:13:33,938 INFO Processing document page_129.pdf
2026-06-25 15:13:36,776 INFO Finished converting document page_127.pdf in 6.49 sec.
2026-06-25 15:13:36,781 ERROR {'document': '3M_2015_10K', 'page': 127, 'status': 'DLQ', 'engine': None, 'reason': 'Fidelity Check Failed: low_entropy_garbage', 'retry_count': 0, 'error': 'None'}
2026-06-25 15:13:38,086 INFO Finished converting document page_128.pdf in 6.64 sec.
2026-06-25 15:13:38,091 ERROR {'document': '3M_2015_10K', 'page': 128, 'status': 'DLQ', 'engine': None, 'reason': 'Fidelity Check Failed: low_entropy_garbage', 'retry_count': 0, 'error': 'None'}
2026-06-25 15:13:38,511 INFO Finished converting document page_122.pdf in 28.62 sec.
2026-06-25 15:13:38,532 ERROR {'document': '3M_2015_10K', 'page': 122, 'status': 'DLQ', 'engine': None, 'reason': 'Fidelity Check Failed: low_entropy_garbage', 'retry_count': 0, 'error': 'None'}
2026-06-25 15:13:39,751 INFO detected formats: [<InputFormat.PDF: 'pdf'>]
2026-06-25 15:13:39,756 INFO Going to convert document batch...
2026-06-25 15:13:39,758 INFO Processing document page_130.pdf
2026-06-25 15:13:40,920 INFO detected formats: [<InputFormat.PDF: 'pdf'>]
2026-06-25 15:13:40,922 INFO Going to convert document batch...
2026-06-25 15:13:40,922 INFO Processing document page_131.pdf
2026-06-25 15:13:41,038 INFO Finished converting document page_129.pdf in 7.11 sec.
2026-06-25 15:13:41,042 ERROR {'document': '3M_2015_10K', 'page': 129, 'status': 'DLQ', 'engine': None, 'reason': 'Fidelity Check Failed: low_entropy_garbage', 'retry_count': 0, 'error': 'None'}
2026-06-25 15:13:41,112 INFO detected formats: [<InputFormat.PDF: 'pdf'>]
2026-06-25 15:13:41,113 INFO Going to convert document batch...
2026-06-25 15:13:41,114 INFO Processing document page_132.pdf
2026-06-25 15:13:43,450 INFO detected formats: [<InputFormat.PDF: 'pdf'>]
2026-06-25 15:13:43,453 INFO Going to convert document batch...
2026-06-25 15:13:43,455 INFO Processing document page_133.pdf
2026-06-25 15:13:46,832 INFO Finished converting document page_130.pdf in 7.08 sec.
2026-06-25 15:13:46,841 ERROR {'document': '3M_2015_10K', 'page': 130, 'status': 'DLQ', 'engine': None, 'reason': 'Fidelity Check Failed: low_entropy_garbage', 'retry_count': 0, 'error': 'None'}
2026-06-25 15:13:48,455 INFO Finished converting document page_132.pdf in 7.34 sec.
2026-06-25 15:13:48,460 ERROR {'document': '3M_2015_10K', 'page': 132, 'status': 'DLQ', 'engine': None, 'reason': 'Fidelity Check Failed: low_entropy_garbage', 'retry_count': 0, 'error': 'None'}
2026-06-25 15:13:48,881 INFO Finished converting document page_131.pdf in 7.95 sec.
2026-06-25 15:13:48,885 ERROR {'document': '3M_2015_10K', 'page': 131, 'status': 'DLQ', 'engine': None, 'reason': 'Fidelity Check Failed: low_entropy_garbage', 'retry_count': 0, 'error': 'None'}
2026-06-25 15:13:49,833 INFO detected formats: [<InputFormat.PDF: 'pdf'>]
2026-06-25 15:13:49,836 INFO Going to convert document batch...
2026-06-25 15:13:49,838 INFO Processing document page_134.pdf
2026-06-25 15:13:50,835 INFO detected formats: [<InputFormat.PDF: 'pdf'>]
2026-06-25 15:13:50,837 INFO Going to convert document batch...
2026-06-25 15:13:50,838 INFO Processing document page_135.pdf
2026-06-25 15:13:50,991 INFO Finished converting document page_133.pdf in 7.55 sec.
2026-06-25 15:13:50,994 ERROR {'document': '3M_2015_10K', 'page': 133, 'status': 'DLQ', 'engine': None, 'reason': 'Fidelity Check Failed: low_entropy_garbage', 'retry_count': 0, 'error': 'None'}
2026-06-25 15:13:51,159 INFO detected formats: [<InputFormat.PDF: 'pdf'>]
2026-06-25 15:13:51,161 INFO Going to convert document batch...
2026-06-25 15:13:51,161 INFO Processing document page_136.pdf
2026-06-25 15:13:53,018 INFO detected formats: [<InputFormat.PDF: 'pdf'>]
2026-06-25 15:13:53,021 INFO Going to convert document batch...
2026-06-25 15:13:53,023 INFO Processing document page_137.pdf
2026-06-25 15:13:56,944 INFO Finished converting document page_134.pdf in 7.11 sec.
2026-06-25 15:13:56,948 ERROR {'document': '3M_2015_10K', 'page': 134, 'status': 'DLQ', 'engine': None, 'reason': 'Fidelity Check Failed: low_entropy_garbage', 'retry_count': 0, 'error': 'None'}
2026-06-25 15:13:57,889 INFO Finished converting document page_136.pdf in 6.73 sec.
2026-06-25 15:13:57,892 ERROR {'document': '3M_2015_10K', 'page': 136, 'status': 'DLQ', 'engine': None, 'reason': 'Fidelity Check Failed: low_entropy_garbage', 'retry_count': 0, 'error': 'None'}
2026-06-25 15:13:58,176 INFO detected formats: [<InputFormat.PDF: 'pdf'>]
2026-06-25 15:13:58,178 INFO Going to convert document batch...
2026-06-25 15:13:58,183 INFO Processing document page_138.pdf
2026-06-25 15:13:58,199 INFO Finished converting document page_135.pdf in 7.36 sec.
2026-06-25 15:13:58,242 ERROR {'document': '3M_2015_10K', 'page': 135, 'status': 'DLQ', 'engine': None, 'reason': 'Fidelity Check Failed: low_entropy_garbage', 'retry_count': 0, 'error': 'None'}
2026-06-25 15:13:59,560 INFO detected formats: [<InputFormat.PDF: 'pdf'>]
2026-06-25 15:13:59,562 INFO Going to convert document batch...
2026-06-25 15:13:59,562 INFO Processing document page_139.pdf
2026-06-25 15:13:59,756 INFO Finished converting document page_137.pdf in 6.73 sec.
2026-06-25 15:13:59,874 ERROR {'document': '3M_2015_10K', 'page': 137, 'status': 'DLQ', 'engine': None, 'reason': 'Fidelity Check Failed: low_entropy_garbage', 'retry_count': 0, 'error': 'None'}
2026-06-25 15:14:00,118 INFO detected formats: [<InputFormat.PDF: 'pdf'>]
2026-06-25 15:14:00,121 INFO Going to convert document batch...
2026-06-25 15:14:00,121 INFO Processing document page_140.pdf
2026-06-25 15:14:02,051 INFO detected formats: [<InputFormat.PDF: 'pdf'>]
2026-06-25 15:14:02,053 INFO Going to convert document batch...
2026-06-25 15:14:02,054 INFO Processing document page_141.pdf
2026-06-25 15:14:04,608 INFO Finished converting document page_138.pdf in 6.44 sec.
2026-06-25 15:14:04,647 ERROR {'document': '3M_2015_10K', 'page': 138, 'status': 'DLQ', 'engine': None, 'reason': 'Fidelity Check Failed: low_entropy_garbage', 'retry_count': 0, 'error': 'None'}
2026-06-25 15:14:06,227 INFO Finished converting document page_139.pdf in 6.67 sec.
2026-06-25 15:14:06,229 ERROR {'document': '3M_2015_10K', 'page': 139, 'status': 'DLQ', 'engine': None, 'reason': 'Fidelity Check Failed: low_entropy_garbage', 'retry_count': 0, 'error': 'None'}
2026-06-25 15:14:06,872 INFO Finished converting document page_140.pdf in 6.75 sec.
2026-06-25 15:14:06,876 ERROR {'document': '3M_2015_10K', 'page': 140, 'status': 'DLQ', 'engine': None, 'reason': 'Fidelity Check Failed: low_entropy_garbage', 'retry_count': 0, 'error': 'None'}
2026-06-25 15:14:07,182 INFO detected formats: [<InputFormat.PDF: 'pdf'>]
2026-06-25 15:14:07,183 INFO Going to convert document batch...
2026-06-25 15:14:07,183 INFO Processing document page_142.pdf
2026-06-25 15:14:08,686 INFO detected formats: [<InputFormat.PDF: 'pdf'>]
2026-06-25 15:14:08,688 INFO Going to convert document batch...
2026-06-25 15:14:08,688 INFO Processing document page_143.pdf
2026-06-25 15:14:08,775 INFO detected formats: [<InputFormat.PDF: 'pdf'>]
2026-06-25 15:14:08,777 INFO Going to convert document batch...
2026-06-25 15:14:08,777 INFO Processing document page_144.pdf
2026-06-25 15:14:08,906 INFO Finished converting document page_141.pdf in 6.86 sec.
2026-06-25 15:14:08,923 ERROR {'document': '3M_2015_10K', 'page': 141, 'status': 'DLQ', 'engine': None, 'reason': 'Fidelity Check Failed: low_entropy_garbage', 'retry_count': 0, 'error': 'None'}
2026-06-25 15:14:12,372 INFO detected formats: [<InputFormat.PDF: 'pdf'>]
2026-06-25 15:14:12,375 INFO Going to convert document batch...
2026-06-25 15:14:12,376 INFO Processing document page_145.pdf
2026-06-25 15:14:14,522 INFO Finished converting document page_142.pdf in 7.33 sec.
2026-06-25 15:14:14,528 ERROR {'document': '3M_2015_10K', 'page': 142, 'status': 'DLQ', 'engine': None, 'reason': 'Fidelity Check Failed: low_entropy_garbage', 'retry_count': 0, 'error': 'None'}
2026-06-25 15:14:16,273 INFO detected formats: [<InputFormat.PDF: 'pdf'>]
2026-06-25 15:14:16,275 INFO Going to convert document batch...
2026-06-25 15:14:16,276 INFO Processing document page_146.pdf
2026-06-25 15:14:16,370 INFO Finished converting document page_143.pdf in 7.69 sec.
2026-06-25 15:14:16,375 ERROR {'document': '3M_2015_10K', 'page': 143, 'status': 'DLQ', 'engine': None, 'reason': 'Fidelity Check Failed: low_entropy_garbage', 'retry_count': 0, 'error': 'None'}
2026-06-25 15:14:16,708 INFO Finished converting document page_144.pdf in 7.92 sec.
2026-06-25 15:14:16,711 ERROR {'document': '3M_2015_10K', 'page': 144, 'status': 'DLQ', 'engine': None, 'reason': 'Fidelity Check Failed: low_entropy_garbage', 'retry_count': 0, 'error': 'None'}
2026-06-25 15:14:18,156 INFO detected formats: [<InputFormat.PDF: 'pdf'>]
2026-06-25 15:14:18,159 INFO Going to convert document batch...
2026-06-25 15:14:18,159 INFO Processing document page_147.pdf
2026-06-25 15:14:18,826 INFO detected formats: [<InputFormat.PDF: 'pdf'>]
2026-06-25 15:14:18,829 INFO Going to convert document batch...
2026-06-25 15:14:18,830 INFO Processing document page_148.pdf
2026-06-25 15:14:19,379 INFO Finished converting document page_145.pdf in 7.00 sec.
2026-06-25 15:14:19,390 ERROR {'document': '3M_2015_10K', 'page': 145, 'status': 'DLQ', 'engine': None, 'reason': 'Fidelity Check Failed: low_entropy_garbage', 'retry_count': 0, 'error': 'None'}
2026-06-25 15:14:20,540 INFO detected formats: [<InputFormat.PDF: 'pdf'>]
2026-06-25 15:14:20,542 INFO Going to convert document batch...
2026-06-25 15:14:20,543 INFO Processing document page_149.pdf
2026-06-25 15:14:23,875 INFO Finished converting document page_146.pdf in 7.61 sec.
2026-06-25 15:14:23,878 ERROR {'document': '3M_2015_10K', 'page': 146, 'status': 'DLQ', 'engine': None, 'reason': 'Fidelity Check Failed: low_entropy_garbage', 'retry_count': 0, 'error': 'None'}
2026-06-25 15:14:25,055 INFO detected formats: [<InputFormat.PDF: 'pdf'>]
2026-06-25 15:14:25,057 INFO Going to convert document batch...
2026-06-25 15:14:25,058 INFO Processing document page_150.pdf
2026-06-25 15:14:25,722 INFO Finished converting document page_147.pdf in 7.56 sec.
2026-06-25 15:14:25,726 ERROR {'document': '3M_2015_10K', 'page': 147, 'status': 'DLQ', 'engine': None, 'reason': 'Fidelity Check Failed: low_entropy_garbage', 'retry_count': 0, 'error': 'None'}
2026-06-25 15:14:26,919 INFO detected formats: [<InputFormat.PDF: 'pdf'>]
2026-06-25 15:14:26,921 INFO Going to convert document batch...
2026-06-25 15:14:26,923 INFO Processing document page_151.pdf
2026-06-25 15:14:27,151 INFO Finished converting document page_149.pdf in 6.61 sec.
2026-06-25 15:14:27,249 ERROR {'document': '3M_2015_10K', 'page': 149, 'status': 'DLQ', 'engine': None, 'reason': 'Fidelity Check Failed: low_entropy_garbage', 'retry_count': 0, 'error': 'None'}
2026-06-25 15:14:27,628 INFO detected formats: [<InputFormat.PDF: 'pdf'>]
2026-06-25 15:14:27,630 INFO Going to convert document batch...
2026-06-25 15:14:27,631 INFO Processing document page_152.pdf
2026-06-25 15:14:36,165 INFO Finished converting document page_152.pdf in 8.55 sec.
2026-06-25 15:14:37,934 INFO detected formats: [<InputFormat.PDF: 'pdf'>]
2026-06-25 15:14:37,937 INFO Going to convert document batch...
2026-06-25 15:14:37,938 INFO Processing document page_153.pdf
2026-06-25 15:14:38,742 INFO Finished converting document page_148.pdf in 19.92 sec.
2026-06-25 15:14:38,752 ERROR {'document': '3M_2015_10K', 'page': 148, 'status': 'DLQ', 'engine': None, 'reason': 'Fidelity Check Failed: low_entropy_garbage', 'retry_count': 0, 'error': 'None'}
2026-06-25 15:14:40,612 INFO detected formats: [<InputFormat.PDF: 'pdf'>]
2026-06-25 15:14:40,614 INFO Going to convert document batch...
2026-06-25 15:14:40,615 INFO Processing document page_154.pdf
2026-06-25 15:14:44,963 INFO Finished converting document page_153.pdf in 7.03 sec.
2026-06-25 15:14:45,030 ERROR {'document': '3M_2015_10K', 'page': 153, 'status': 'DLQ', 'engine': None, 'reason': 'Fidelity Check Failed: low_entropy_garbage', 'retry_count': 0, 'error': 'None'}
2026-06-25 15:14:46,979 INFO detected formats: [<InputFormat.PDF: 'pdf'>]
2026-06-25 15:14:46,983 INFO Going to convert document batch...
2026-06-25 15:14:46,984 INFO Processing document page_155.pdf
2026-06-25 15:14:48,109 INFO Finished converting document page_154.pdf in 7.50 sec.
2026-06-25 15:14:48,115 ERROR {'document': '3M_2015_10K', 'page': 154, 'status': 'DLQ', 'engine': None, 'reason': 'Fidelity Check Failed: low_entropy_garbage', 'retry_count': 0, 'error': 'None'}
2026-06-25 15:14:48,607 INFO detected formats: [<InputFormat.PDF: 'pdf'>]
2026-06-25 15:14:48,611 INFO Going to convert document batch...
2026-06-25 15:14:48,613 INFO Processing document page_156.pdf
2026-06-25 15:14:50,585 INFO Finished converting document page_150.pdf in 25.53 sec.
2026-06-25 15:14:50,603 ERROR {'document': '3M_2015_10K', 'page': 150, 'status': 'DLQ', 'engine': None, 'reason': 'Fidelity Check Failed: low_entropy_garbage', 'retry_count': 0, 'error': 'None'}
2026-06-25 15:14:50,920 INFO detected formats: [<InputFormat.PDF: 'pdf'>]
2026-06-25 15:14:50,922 INFO Going to convert document batch...
2026-06-25 15:14:50,923 INFO Processing document page_157.pdf
2026-06-25 15:14:51,564 INFO Finished converting document page_151.pdf in 24.64 sec.
2026-06-25 15:14:51,581 ERROR {'document': '3M_2015_10K', 'page': 151, 'status': 'DLQ', 'engine': None, 'reason': 'Fidelity Check Failed: low_entropy_garbage', 'retry_count': 0, 'error': 'None'}
2026-06-25 15:14:53,816 INFO detected formats: [<InputFormat.PDF: 'pdf'>]
2026-06-25 15:14:53,819 INFO Going to convert document batch...
2026-06-25 15:14:53,820 INFO Processing document page_158.pdf
2026-06-25 15:14:54,243 INFO Finished converting document page_155.pdf in 7.26 sec.
2026-06-25 15:14:54,246 ERROR {'document': '3M_2015_10K', 'page': 155, 'status': 'DLQ', 'engine': None, 'reason': 'Fidelity Check Failed: low_entropy_garbage', 'retry_count': 0, 'error': 'None'}
2026-06-25 15:14:54,509 INFO Finished converting document page_156.pdf in 5.91 sec.
2026-06-25 15:14:55,464 INFO Finished converting document page_157.pdf in 4.55 sec.
2026-06-25 15:15:01,932 INFO Finished converting document page_158.pdf in 8.12 sec.
2026-06-25 15:15:01,937 ERROR {'document': '3M_2015_10K', 'page': 158, 'status': 'DLQ', 'engine': None, 'reason': 'Fidelity Check Failed: low_entropy_garbage', 'retry_count': 0, 'error': 'None'}
2026-06-25 15:15:04,357 INFO Page 152 processed with pypdf_text in 8.92s
2026-06-25 15:15:04,357 INFO Page 156 processed with pypdf_text in 6.39s
2026-06-25 15:15:04,357 INFO Page 157 processed with pypdf_text in 4.86s
2026-06-25 15:37:46,809 INFO {'document': '3M_2015_10K', 'status': 'PROCESSING_STARTED', 'total_pages': 158}
2026-06-25 15:37:46,815 INFO {'document': '3M_2015_10K', 'page': 1, 'status': 'PAGE_STARTED'}
2026-06-25 15:37:46,830 INFO {'document': '3M_2015_10K', 'page': 2, 'status': 'PAGE_STARTED'}
2026-06-25 15:37:46,831 INFO {'document': '3M_2015_10K', 'page': 3, 'status': 'PAGE_STARTED'}
2026-06-25 15:37:46,835 INFO {'document': '3M_2015_10K', 'page': 4, 'status': 'PAGE_STARTED'}
2026-06-25 15:37:46,835 INFO {'document': '3M_2015_10K', 'page': 5, 'status': 'PAGE_STARTED'}
2026-06-25 15:37:46,835 INFO {'document': '3M_2015_10K', 'page': 6, 'status': 'PAGE_STARTED'}
2026-06-25 15:37:46,835 INFO {'document': '3M_2015_10K', 'page': 7, 'status': 'PAGE_STARTED'}
2026-06-25 15:37:46,835 INFO {'document': '3M_2015_10K', 'page': 8, 'status': 'PAGE_STARTED'}
2026-06-25 15:37:46,835 INFO {'document': '3M_2015_10K', 'page': 9, 'status': 'PAGE_STARTED'}
2026-06-25 15:37:46,846 INFO {'document': '3M_2015_10K', 'page': 10, 'status': 'PAGE_STARTED'}
2026-06-25 15:37:46,846 INFO {'document': '3M_2015_10K', 'page': 11, 'status': 'PAGE_STARTED'}
2026-06-25 15:37:46,846 INFO {'document': '3M_2015_10K', 'page': 12, 'status': 'PAGE_STARTED'}
2026-06-25 15:37:46,851 INFO {'document': '3M_2015_10K', 'page': 13, 'status': 'PAGE_STARTED'}
2026-06-25 15:37:46,851 INFO {'document': '3M_2015_10K', 'page': 14, 'status': 'PAGE_STARTED'}
2026-06-25 15:37:46,856 INFO {'document': '3M_2015_10K', 'page': 15, 'status': 'PAGE_STARTED'}
2026-06-25 15:37:46,856 INFO {'document': '3M_2015_10K', 'page': 16, 'status': 'PAGE_STARTED'}
2026-06-25 15:37:46,860 INFO {'document': '3M_2015_10K', 'page': 17, 'status': 'PAGE_STARTED'}
2026-06-25 15:37:46,861 INFO {'document': '3M_2015_10K', 'page': 18, 'status': 'PAGE_STARTED'}
2026-06-25 15:37:46,861 INFO {'document': '3M_2015_10K', 'page': 19, 'status': 'PAGE_STARTED'}
2026-06-25 15:37:46,861 INFO {'document': '3M_2015_10K', 'page': 20, 'status': 'PAGE_STARTED'}
2026-06-25 15:37:46,866 INFO {'document': '3M_2015_10K', 'page': 21, 'status': 'PAGE_STARTED'}
2026-06-25 15:37:46,868 INFO {'document': '3M_2015_10K', 'page': 22, 'status': 'PAGE_STARTED'}
2026-06-25 15:37:46,868 INFO {'document': '3M_2015_10K', 'page': 23, 'status': 'PAGE_STARTED'}
2026-06-25 15:37:46,868 INFO {'document': '3M_2015_10K', 'page': 24, 'status': 'PAGE_STARTED'}
2026-06-25 15:37:46,877 INFO {'document': '3M_2015_10K', 'page': 25, 'status': 'PAGE_STARTED'}
2026-06-25 15:37:46,877 INFO {'document': '3M_2015_10K', 'page': 26, 'status': 'PAGE_STARTED'}
2026-06-25 15:37:46,877 INFO {'document': '3M_2015_10K', 'page': 27, 'status': 'PAGE_STARTED'}
2026-06-25 15:37:46,877 INFO {'document': '3M_2015_10K', 'page': 28, 'status': 'PAGE_STARTED'}
2026-06-25 15:37:46,883 INFO {'document': '3M_2015_10K', 'page': 29, 'status': 'PAGE_STARTED'}
2026-06-25 15:37:46,885 INFO {'document': '3M_2015_10K', 'page': 30, 'status': 'PAGE_STARTED'}
2026-06-25 15:37:46,887 INFO {'document': '3M_2015_10K', 'page': 31, 'status': 'PAGE_STARTED'}
2026-06-25 15:37:46,887 INFO {'document': '3M_2015_10K', 'page': 32, 'status': 'PAGE_STARTED'}
2026-06-25 15:37:46,887 INFO {'document': '3M_2015_10K', 'page': 33, 'status': 'PAGE_STARTED'}
2026-06-25 15:37:46,887 INFO {'document': '3M_2015_10K', 'page': 34, 'status': 'PAGE_STARTED'}
2026-06-25 15:37:46,887 INFO {'document': '3M_2015_10K', 'page': 35, 'status': 'PAGE_STARTED'}
2026-06-25 15:37:46,897 INFO {'document': '3M_2015_10K', 'page': 36, 'status': 'PAGE_STARTED'}
2026-06-25 15:37:46,901 INFO {'document': '3M_2015_10K', 'page': 37, 'status': 'PAGE_STARTED'}
2026-06-25 15:37:46,902 INFO {'document': '3M_2015_10K', 'page': 38, 'status': 'PAGE_STARTED'}
2026-06-25 15:37:46,902 INFO {'document': '3M_2015_10K', 'page': 39, 'status': 'PAGE_STARTED'}
2026-06-25 15:37:46,908 INFO {'document': '3M_2015_10K', 'page': 40, 'status': 'PAGE_STARTED'}
2026-06-25 15:37:46,908 INFO {'document': '3M_2015_10K', 'page': 41, 'status': 'PAGE_STARTED'}
2026-06-25 15:37:46,908 INFO {'document': '3M_2015_10K', 'page': 42, 'status': 'PAGE_STARTED'}
2026-06-25 15:37:46,908 INFO {'document': '3M_2015_10K', 'page': 43, 'status': 'PAGE_STARTED'}
2026-06-25 15:37:46,908 INFO {'document': '3M_2015_10K', 'page': 44, 'status': 'PAGE_STARTED'}
2026-06-25 15:37:46,908 INFO {'document': '3M_2015_10K', 'page': 45, 'status': 'PAGE_STARTED'}
2026-06-25 15:37:46,917 INFO {'document': '3M_2015_10K', 'page': 46, 'status': 'PAGE_STARTED'}
2026-06-25 15:37:46,919 INFO {'document': '3M_2015_10K', 'page': 47, 'status': 'PAGE_STARTED'}
2026-06-25 15:37:46,919 INFO {'document': '3M_2015_10K', 'page': 48, 'status': 'PAGE_STARTED'}
2026-06-25 15:37:46,929 INFO {'document': '3M_2015_10K', 'page': 49, 'status': 'PAGE_STARTED'}
2026-06-25 15:37:46,929 INFO {'document': '3M_2015_10K', 'page': 50, 'status': 'PAGE_STARTED'}
2026-06-25 15:37:46,929 INFO {'document': '3M_2015_10K', 'page': 51, 'status': 'PAGE_STARTED'}
2026-06-25 15:37:46,929 INFO {'document': '3M_2015_10K', 'page': 52, 'status': 'PAGE_STARTED'}
2026-06-25 15:37:46,937 INFO {'document': '3M_2015_10K', 'page': 53, 'status': 'PAGE_STARTED'}
2026-06-25 15:37:46,939 INFO {'document': '3M_2015_10K', 'page': 54, 'status': 'PAGE_STARTED'}
2026-06-25 15:37:46,939 INFO {'document': '3M_2015_10K', 'page': 55, 'status': 'PAGE_STARTED'}
2026-06-25 15:37:46,939 INFO {'document': '3M_2015_10K', 'page': 56, 'status': 'PAGE_STARTED'}
2026-06-25 15:37:46,939 INFO {'document': '3M_2015_10K', 'page': 57, 'status': 'PAGE_STARTED'}
2026-06-25 15:37:46,939 INFO {'document': '3M_2015_10K', 'page': 58, 'status': 'PAGE_STARTED'}
2026-06-25 15:37:46,939 INFO {'document': '3M_2015_10K', 'page': 59, 'status': 'PAGE_STARTED'}
2026-06-25 15:37:46,949 INFO {'document': '3M_2015_10K', 'page': 60, 'status': 'PAGE_STARTED'}
2026-06-25 15:37:46,952 INFO {'document': '3M_2015_10K', 'page': 61, 'status': 'PAGE_STARTED'}
2026-06-25 15:37:46,954 INFO {'document': '3M_2015_10K', 'page': 62, 'status': 'PAGE_STARTED'}
2026-06-25 15:37:46,956 INFO {'document': '3M_2015_10K', 'page': 63, 'status': 'PAGE_STARTED'}
2026-06-25 15:37:46,957 INFO {'document': '3M_2015_10K', 'page': 64, 'status': 'PAGE_STARTED'}
2026-06-25 15:37:46,958 INFO {'document': '3M_2015_10K', 'page': 65, 'status': 'PAGE_STARTED'}
2026-06-25 15:37:46,960 INFO {'document': '3M_2015_10K', 'page': 66, 'status': 'PAGE_STARTED'}
2026-06-25 15:37:46,961 INFO {'document': '3M_2015_10K', 'page': 67, 'status': 'PAGE_STARTED'}
2026-06-25 15:37:46,963 INFO {'document': '3M_2015_10K', 'page': 68, 'status': 'PAGE_STARTED'}
2026-06-25 15:37:46,964 INFO {'document': '3M_2015_10K', 'page': 69, 'status': 'PAGE_STARTED'}
2026-06-25 15:37:46,966 INFO {'document': '3M_2015_10K', 'page': 70, 'status': 'PAGE_STARTED'}
2026-06-25 15:37:46,968 INFO {'document': '3M_2015_10K', 'page': 71, 'status': 'PAGE_STARTED'}
2026-06-25 15:37:46,970 INFO {'document': '3M_2015_10K', 'page': 72, 'status': 'PAGE_STARTED'}
2026-06-25 15:37:46,971 INFO {'document': '3M_2015_10K', 'page': 73, 'status': 'PAGE_STARTED'}
2026-06-25 15:37:46,973 INFO {'document': '3M_2015_10K', 'page': 74, 'status': 'PAGE_STARTED'}
2026-06-25 15:37:46,974 INFO {'document': '3M_2015_10K', 'page': 75, 'status': 'PAGE_STARTED'}
2026-06-25 15:37:46,976 INFO {'document': '3M_2015_10K', 'page': 76, 'status': 'PAGE_STARTED'}
2026-06-25 15:37:46,977 INFO {'document': '3M_2015_10K', 'page': 77, 'status': 'PAGE_STARTED'}
2026-06-25 15:37:46,978 INFO {'document': '3M_2015_10K', 'page': 78, 'status': 'PAGE_STARTED'}
2026-06-25 15:37:46,980 INFO {'document': '3M_2015_10K', 'page': 79, 'status': 'PAGE_STARTED'}
2026-06-25 15:37:46,982 INFO {'document': '3M_2015_10K', 'page': 80, 'status': 'PAGE_STARTED'}
2026-06-25 15:37:46,983 INFO {'document': '3M_2015_10K', 'page': 81, 'status': 'PAGE_STARTED'}
2026-06-25 15:37:46,985 INFO {'document': '3M_2015_10K', 'page': 82, 'status': 'PAGE_STARTED'}
2026-06-25 15:37:46,985 INFO {'document': '3M_2015_10K', 'page': 83, 'status': 'PAGE_STARTED'}
2026-06-25 15:37:46,985 INFO {'document': '3M_2015_10K', 'page': 84, 'status': 'PAGE_STARTED'}
2026-06-25 15:37:46,990 INFO {'document': '3M_2015_10K', 'page': 85, 'status': 'PAGE_STARTED'}
2026-06-25 15:37:46,990 INFO {'document': '3M_2015_10K', 'page': 86, 'status': 'PAGE_STARTED'}
2026-06-25 15:37:46,990 INFO {'document': '3M_2015_10K', 'page': 87, 'status': 'PAGE_STARTED'}
2026-06-25 15:37:46,990 INFO {'document': '3M_2015_10K', 'page': 88, 'status': 'PAGE_STARTED'}
2026-06-25 15:37:46,990 INFO {'document': '3M_2015_10K', 'page': 89, 'status': 'PAGE_STARTED'}
2026-06-25 15:37:46,990 INFO {'document': '3M_2015_10K', 'page': 90, 'status': 'PAGE_STARTED'}
2026-06-25 15:37:46,990 INFO {'document': '3M_2015_10K', 'page': 91, 'status': 'PAGE_STARTED'}
2026-06-25 15:37:47,000 INFO {'document': '3M_2015_10K', 'page': 92, 'status': 'PAGE_STARTED'}
2026-06-25 15:37:47,000 INFO {'document': '3M_2015_10K', 'page': 93, 'status': 'PAGE_STARTED'}
2026-06-25 15:37:47,000 INFO {'document': '3M_2015_10K', 'page': 94, 'status': 'PAGE_STARTED'}
2026-06-25 15:37:47,000 INFO {'document': '3M_2015_10K', 'page': 95, 'status': 'PAGE_STARTED'}
2026-06-25 15:37:47,000 INFO {'document': '3M_2015_10K', 'page': 96, 'status': 'PAGE_STARTED'}
2026-06-25 15:37:47,009 INFO {'document': '3M_2015_10K', 'page': 97, 'status': 'PAGE_STARTED'}
2026-06-25 15:37:47,010 INFO {'document': '3M_2015_10K', 'page': 98, 'status': 'PAGE_STARTED'}
2026-06-25 15:37:47,010 INFO {'document': '3M_2015_10K', 'page': 99, 'status': 'PAGE_STARTED'}
2026-06-25 15:37:47,010 INFO {'document': '3M_2015_10K', 'page': 100, 'status': 'PAGE_STARTED'}
2026-06-25 15:37:47,016 INFO {'document': '3M_2015_10K', 'page': 101, 'status': 'PAGE_STARTED'}
2026-06-25 15:37:47,016 INFO {'document': '3M_2015_10K', 'page': 102, 'status': 'PAGE_STARTED'}
2026-06-25 15:37:47,016 INFO {'document': '3M_2015_10K', 'page': 103, 'status': 'PAGE_STARTED'}
2026-06-25 15:37:47,016 INFO {'document': '3M_2015_10K', 'page': 104, 'status': 'PAGE_STARTED'}
2026-06-25 15:37:47,021 INFO {'document': '3M_2015_10K', 'page': 105, 'status': 'PAGE_STARTED'}
2026-06-25 15:37:47,021 INFO {'document': '3M_2015_10K', 'page': 106, 'status': 'PAGE_STARTED'}
2026-06-25 15:37:47,021 INFO {'document': '3M_2015_10K', 'page': 107, 'status': 'PAGE_STARTED'}
2026-06-25 15:37:47,021 INFO {'document': '3M_2015_10K', 'page': 108, 'status': 'PAGE_STARTED'}
2026-06-25 15:37:47,021 INFO {'document': '3M_2015_10K', 'page': 109, 'status': 'PAGE_STARTED'}
2026-06-25 15:37:47,021 INFO {'document': '3M_2015_10K', 'page': 110, 'status': 'PAGE_STARTED'}
2026-06-25 15:37:47,021 INFO {'document': '3M_2015_10K', 'page': 111, 'status': 'PAGE_STARTED'}
2026-06-25 15:37:47,032 INFO {'document': '3M_2015_10K', 'page': 112, 'status': 'PAGE_STARTED'}
2026-06-25 15:37:47,032 INFO {'document': '3M_2015_10K', 'page': 113, 'status': 'PAGE_STARTED'}
2026-06-25 15:37:47,035 INFO {'document': '3M_2015_10K', 'page': 114, 'status': 'PAGE_STARTED'}
2026-06-25 15:37:47,037 INFO {'document': '3M_2015_10K', 'page': 115, 'status': 'PAGE_STARTED'}
2026-06-25 15:37:47,038 INFO {'document': '3M_2015_10K', 'page': 116, 'status': 'PAGE_STARTED'}
2026-06-25 15:37:47,040 INFO {'document': '3M_2015_10K', 'page': 117, 'status': 'PAGE_STARTED'}
2026-06-25 15:37:47,042 INFO {'document': '3M_2015_10K', 'page': 118, 'status': 'PAGE_STARTED'}
2026-06-25 15:37:47,044 INFO {'document': '3M_2015_10K', 'page': 119, 'status': 'PAGE_STARTED'}
2026-06-25 15:37:47,045 INFO {'document': '3M_2015_10K', 'page': 120, 'status': 'PAGE_STARTED'}
2026-06-25 15:37:47,048 INFO {'document': '3M_2015_10K', 'page': 121, 'status': 'PAGE_STARTED'}
2026-06-25 15:37:47,049 INFO {'document': '3M_2015_10K', 'page': 122, 'status': 'PAGE_STARTED'}
2026-06-25 15:37:47,050 INFO {'document': '3M_2015_10K', 'page': 123, 'status': 'PAGE_STARTED'}
2026-06-25 15:37:47,052 INFO {'document': '3M_2015_10K', 'page': 124, 'status': 'PAGE_STARTED'}
2026-06-25 15:37:47,052 INFO {'document': '3M_2015_10K', 'page': 125, 'status': 'PAGE_STARTED'}
2026-06-25 15:37:47,052 INFO {'document': '3M_2015_10K', 'page': 126, 'status': 'PAGE_STARTED'}
2026-06-25 15:37:47,052 INFO {'document': '3M_2015_10K', 'page': 127, 'status': 'PAGE_STARTED'}
2026-06-25 15:37:47,052 INFO {'document': '3M_2015_10K', 'page': 128, 'status': 'PAGE_STARTED'}
2026-06-25 15:37:47,052 INFO {'document': '3M_2015_10K', 'page': 129, 'status': 'PAGE_STARTED'}
2026-06-25 15:37:47,061 INFO {'document': '3M_2015_10K', 'page': 130, 'status': 'PAGE_STARTED'}
2026-06-25 15:37:47,062 INFO {'document': '3M_2015_10K', 'page': 131, 'status': 'PAGE_STARTED'}
2026-06-25 15:37:47,062 INFO {'document': '3M_2015_10K', 'page': 132, 'status': 'PAGE_STARTED'}
2026-06-25 15:37:47,062 INFO {'document': '3M_2015_10K', 'page': 133, 'status': 'PAGE_STARTED'}
2026-06-25 15:37:47,067 INFO {'document': '3M_2015_10K', 'page': 134, 'status': 'PAGE_STARTED'}
2026-06-25 15:37:47,067 INFO {'document': '3M_2015_10K', 'page': 135, 'status': 'PAGE_STARTED'}
2026-06-25 15:37:47,067 INFO {'document': '3M_2015_10K', 'page': 136, 'status': 'PAGE_STARTED'}
2026-06-25 15:37:47,067 INFO {'document': '3M_2015_10K', 'page': 137, 'status': 'PAGE_STARTED'}
2026-06-25 15:37:47,073 INFO {'document': '3M_2015_10K', 'page': 138, 'status': 'PAGE_STARTED'}
2026-06-25 15:37:47,073 INFO {'document': '3M_2015_10K', 'page': 139, 'status': 'PAGE_STARTED'}
2026-06-25 15:37:47,073 INFO {'document': '3M_2015_10K', 'page': 140, 'status': 'PAGE_STARTED'}
2026-06-25 15:37:47,073 INFO {'document': '3M_2015_10K', 'page': 141, 'status': 'PAGE_STARTED'}
2026-06-25 15:37:47,073 INFO {'document': '3M_2015_10K', 'page': 142, 'status': 'PAGE_STARTED'}
2026-06-25 15:37:47,073 INFO {'document': '3M_2015_10K', 'page': 143, 'status': 'PAGE_STARTED'}
2026-06-25 15:37:47,083 INFO {'document': '3M_2015_10K', 'page': 144, 'status': 'PAGE_STARTED'}
2026-06-25 15:37:47,083 INFO {'document': '3M_2015_10K', 'page': 145, 'status': 'PAGE_STARTED'}
2026-06-25 15:37:47,083 INFO {'document': '3M_2015_10K', 'page': 146, 'status': 'PAGE_STARTED'}
2026-06-25 15:37:47,083 INFO {'document': '3M_2015_10K', 'page': 147, 'status': 'PAGE_STARTED'}
2026-06-25 15:37:47,083 INFO {'document': '3M_2015_10K', 'page': 148, 'status': 'PAGE_STARTED'}
2026-06-25 15:37:47,083 INFO {'document': '3M_2015_10K', 'page': 149, 'status': 'PAGE_STARTED'}
2026-06-25 15:37:47,083 INFO {'document': '3M_2015_10K', 'page': 150, 'status': 'PAGE_STARTED'}
2026-06-25 15:37:47,093 INFO {'document': '3M_2015_10K', 'page': 151, 'status': 'PAGE_STARTED'}
2026-06-25 15:37:47,093 INFO {'document': '3M_2015_10K', 'page': 152, 'status': 'PAGE_STARTED'}
2026-06-25 15:37:47,093 INFO {'document': '3M_2015_10K', 'page': 153, 'status': 'PAGE_STARTED'}
2026-06-25 15:37:47,098 INFO {'document': '3M_2015_10K', 'page': 154, 'status': 'PAGE_STARTED'}
2026-06-25 15:37:47,098 INFO {'document': '3M_2015_10K', 'page': 155, 'status': 'PAGE_STARTED'}
2026-06-25 15:37:47,098 INFO {'document': '3M_2015_10K', 'page': 156, 'status': 'PAGE_STARTED'}
2026-06-25 15:37:47,098 INFO {'document': '3M_2015_10K', 'page': 157, 'status': 'PAGE_STARTED'}
2026-06-25 15:37:47,103 INFO {'document': '3M_2015_10K', 'page': 158, 'status': 'PAGE_STARTED'}
2026-06-25 15:38:11,772 INFO detected formats: [<InputFormat.PDF: 'pdf'>]
2026-06-25 15:38:12,168 INFO Going to convert document batch...
2026-06-25 15:38:12,168 INFO Initializing pipeline for StandardPdfPipeline with options hash 535234bd6bb69c9e5b7f13b6eb220249
2026-06-25 15:38:12,268 INFO Loading plugin 'docling_defaults'
2026-06-25 15:38:12,279 INFO Registered picture descriptions: ['picture_description_vlm_engine', 'vlm', 'api']
2026-06-25 15:38:12,424 INFO Loading plugin 'docling_defaults'
2026-06-25 15:38:12,424 INFO detected formats: [<InputFormat.PDF: 'pdf'>]
2026-06-25 15:38:12,439 INFO detected formats: [<InputFormat.PDF: 'pdf'>]
2026-06-25 15:38:12,443 INFO Registered ocr engines: ['auto', 'easyocr', 'ocrmac', 'rapidocr', 'tesserocr', 'tesseract']
2026-06-25 15:38:12,585 INFO Going to convert document batch...
2026-06-25 15:38:12,585 INFO Initializing pipeline for StandardPdfPipeline with options hash 535234bd6bb69c9e5b7f13b6eb220249
2026-06-25 15:38:12,588 INFO Loading plugin 'docling_defaults'
2026-06-25 15:38:12,603 INFO Registered layout engines: ['layout_object_detection', 'docling_layout_default', 'docling_experimental_table_crops_layout']
2026-06-25 15:38:12,603 INFO Going to convert document batch...
2026-06-25 15:38:12,604 INFO Initializing pipeline for StandardPdfPipeline with options hash 535234bd6bb69c9e5b7f13b6eb220249
2026-06-25 15:38:12,628 INFO Accelerator device: 'cpu'
2026-06-25 15:38:12,726 INFO Loading plugin 'docling_defaults'
2026-06-25 15:38:12,737 INFO Registered picture descriptions: ['picture_description_vlm_engine', 'vlm', 'api']
2026-06-25 15:38:12,747 INFO Loading plugin 'docling_defaults'
2026-06-25 15:38:12,758 INFO Registered picture descriptions: ['picture_description_vlm_engine', 'vlm', 'api']
2026-06-25 15:38:12,914 INFO Loading plugin 'docling_defaults'
2026-06-25 15:38:12,931 INFO Registered ocr engines: ['auto', 'easyocr', 'ocrmac', 'rapidocr', 'tesserocr', 'tesseract']
2026-06-25 15:38:12,931 INFO Loading plugin 'docling_defaults'
2026-06-25 15:38:12,946 INFO Registered ocr engines: ['auto', 'easyocr', 'ocrmac', 'rapidocr', 'tesserocr', 'tesseract']
2026-06-25 15:38:13,049 INFO detected formats: [<InputFormat.PDF: 'pdf'>]
2026-06-25 15:38:13,063 INFO Loading plugin 'docling_defaults'
2026-06-25 15:38:13,072 INFO Registered layout engines: ['layout_object_detection', 'docling_layout_default', 'docling_experimental_table_crops_layout']
2026-06-25 15:38:13,072 INFO Loading plugin 'docling_defaults'
2026-06-25 15:38:13,088 INFO Registered layout engines: ['layout_object_detection', 'docling_layout_default', 'docling_experimental_table_crops_layout']
2026-06-25 15:38:13,098 INFO Accelerator device: 'cpu'
2026-06-25 15:38:13,113 INFO Accelerator device: 'cpu'
2026-06-25 15:38:13,187 INFO Going to convert document batch...
2026-06-25 15:38:13,188 INFO Initializing pipeline for StandardPdfPipeline with options hash 535234bd6bb69c9e5b7f13b6eb220249
2026-06-25 15:38:13,308 INFO Loading plugin 'docling_defaults'
2026-06-25 15:38:13,321 INFO Registered picture descriptions: ['picture_description_vlm_engine', 'vlm', 'api']
2026-06-25 15:38:13,462 INFO Loading plugin 'docling_defaults'
2026-06-25 15:38:13,478 INFO Registered ocr engines: ['auto', 'easyocr', 'ocrmac', 'rapidocr', 'tesserocr', 'tesseract']
2026-06-25 15:38:13,610 INFO Loading plugin 'docling_defaults'
2026-06-25 15:38:13,625 INFO Registered layout engines: ['layout_object_detection', 'docling_layout_default', 'docling_experimental_table_crops_layout']
2026-06-25 15:38:13,638 INFO Accelerator device: 'cpu'
2026-06-25 15:38:14,821 INFO Loading plugin 'docling_defaults'
2026-06-25 15:38:14,826 INFO Registered table structure engines: ['docling_tableformer', 'docling_tableformer_v2']
2026-06-25 15:38:14,930 INFO Loading plugin 'docling_defaults'
2026-06-25 15:38:14,934 INFO Registered table structure engines: ['docling_tableformer', 'docling_tableformer_v2']
2026-06-25 15:38:14,941 INFO Loading plugin 'docling_defaults'
2026-06-25 15:38:14,945 INFO Registered table structure engines: ['docling_tableformer', 'docling_tableformer_v2']
2026-06-25 15:38:15,195 INFO Accelerator device: 'cpu'
2026-06-25 15:38:15,253 INFO Accelerator device: 'cpu'
2026-06-25 15:38:15,263 INFO Accelerator device: 'cpu'
2026-06-25 15:38:15,371 INFO Loading plugin 'docling_defaults'
2026-06-25 15:38:15,375 INFO Registered table structure engines: ['docling_tableformer', 'docling_tableformer_v2']
2026-06-25 15:38:15,716 INFO Accelerator device: 'cpu'
2026-06-25 15:38:16,492 INFO Processing document page_3.pdf
2026-06-25 15:38:16,531 INFO Processing document page_2.pdf
2026-06-25 15:38:16,678 INFO Processing document page_4.pdf
2026-06-25 15:38:23,452 INFO Finished converting document page_1.pdf in 11.02 sec.
2026-06-25 15:38:23,456 ERROR {'document': '3M_2015_10K', 'page': 1, 'status': 'DLQ', 'engine': None, 'reason': 'Fidelity Check Failed: low_entropy_garbage', 'retry_count': 0, 'error': 'None'}
2026-06-25 15:38:23,462 INFO Finished converting document page_3.pdf in 11.05 sec.
2026-06-25 15:38:23,465 ERROR {'document': '3M_2015_10K', 'page': 3, 'status': 'DLQ', 'engine': None, 'reason': 'Fidelity Check Failed: low_entropy_garbage', 'retry_count': 0, 'error': 'None'}
2026-06-25 15:38:23,786 INFO Finished converting document page_4.pdf in 10.74 sec.
2026-06-25 15:38:23,791 ERROR {'document': '3M_2015_10K', 'page': 4, 'status': 'DLQ', 'engine': None, 'reason': 'Fidelity Check Failed: low_entropy_garbage', 'retry_count': 0, 'error': 'None'}
2026-06-25 15:38:24,855 INFO detected formats: [<InputFormat.PDF: 'pdf'>]
2026-06-25 15:38:24,859 INFO Going to convert document batch...
2026-06-25 15:38:24,859 INFO Initializing pipeline for StandardPdfPipeline with options hash c68738c51fbd2866ae1d23dcd3465e1a
2026-06-25 15:38:24,859 INFO Accelerator device: 'cpu'
2026-06-25 15:38:24,920 INFO detected formats: [<InputFormat.PDF: 'pdf'>]
2026-06-25 15:38:24,925 INFO Going to convert document batch...
2026-06-25 15:38:24,925 INFO Initializing pipeline for StandardPdfPipeline with options hash c68738c51fbd2866ae1d23dcd3465e1a
2026-06-25 15:38:24,925 INFO Accelerator device: 'cpu'
2026-06-25 15:38:25,488 INFO detected formats: [<InputFormat.PDF: 'pdf'>]
2026-06-25 15:38:25,491 INFO Going to convert document batch...
2026-06-25 15:38:25,492 INFO Initializing pipeline for StandardPdfPipeline with options hash c68738c51fbd2866ae1d23dcd3465e1a
2026-06-25 15:38:25,493 INFO Accelerator device: 'cpu'
2026-06-25 15:38:26,431 INFO Accelerator device: 'cpu'
2026-06-25 15:38:26,519 INFO Accelerator device: 'cpu'
2026-06-25 15:38:26,859 INFO Accelerator device: 'cpu'
2026-06-25 15:38:27,132 INFO Processing document page_5.pdf
2026-06-25 15:38:27,238 INFO Processing document page_6.pdf
2026-06-25 15:38:27,634 INFO Processing document page_7.pdf
2026-06-25 15:38:32,533 INFO Finished converting document page_2.pdf in 20.77 sec.
2026-06-25 15:38:32,600 ERROR {'document': '3M_2015_10K', 'page': 2, 'status': 'DLQ', 'engine': None, 'reason': 'Fidelity Check Failed: low_entropy_garbage', 'retry_count': 0, 'error': 'None'}
2026-06-25 15:38:34,392 INFO Finished converting document page_6.pdf in 9.53 sec.
2026-06-25 15:38:34,395 ERROR {'document': '3M_2015_10K', 'page': 6, 'status': 'DLQ', 'engine': None, 'reason': 'Fidelity Check Failed: low_entropy_garbage', 'retry_count': 0, 'error': 'None'}
2026-06-25 15:38:34,427 INFO Finished converting document page_5.pdf in 9.50 sec.
2026-06-25 15:38:34,431 ERROR {'document': '3M_2015_10K', 'page': 5, 'status': 'DLQ', 'engine': None, 'reason': 'Fidelity Check Failed: low_entropy_garbage', 'retry_count': 0, 'error': 'None'}
2026-06-25 15:38:34,472 INFO detected formats: [<InputFormat.PDF: 'pdf'>]
2026-06-25 15:38:34,473 INFO Going to convert document batch...
2026-06-25 15:38:34,474 INFO Initializing pipeline for StandardPdfPipeline with options hash c68738c51fbd2866ae1d23dcd3465e1a
2026-06-25 15:38:34,474 INFO Accelerator device: 'cpu'
2026-06-25 15:38:35,616 INFO Accelerator device: 'cpu'
2026-06-25 15:38:35,879 INFO detected formats: [<InputFormat.PDF: 'pdf'>]
2026-06-25 15:38:35,881 INFO Going to convert document batch...
2026-06-25 15:38:35,883 INFO Processing document page_10.pdf
2026-06-25 15:38:35,929 INFO detected formats: [<InputFormat.PDF: 'pdf'>]
2026-06-25 15:38:35,934 INFO Going to convert document batch...
2026-06-25 15:38:35,936 INFO Processing document page_9.pdf
2026-06-25 15:38:36,466 INFO Processing document page_8.pdf
2026-06-25 15:38:40,766 INFO Finished converting document page_7.pdf in 15.28 sec.
2026-06-25 15:38:40,875 ERROR {'document': '3M_2015_10K', 'page': 7, 'status': 'DLQ', 'engine': None, 'reason': 'Fidelity Check Failed: low_entropy_garbage', 'retry_count': 0, 'error': 'None'}
2026-06-25 15:38:42,643 INFO Finished converting document page_9.pdf in 6.70 sec.
2026-06-25 15:38:42,646 ERROR {'document': '3M_2015_10K', 'page': 9, 'status': 'DLQ', 'engine': None, 'reason': 'Fidelity Check Failed: low_entropy_garbage', 'retry_count': 0, 'error': 'None'}
2026-06-25 15:38:42,775 INFO Finished converting document page_10.pdf in 6.91 sec.
2026-06-25 15:38:42,780 ERROR {'document': '3M_2015_10K', 'page': 10, 'status': 'DLQ', 'engine': None, 'reason': 'Fidelity Check Failed: low_entropy_garbage', 'retry_count': 0, 'error': 'None'}
2026-06-25 15:38:42,859 INFO detected formats: [<InputFormat.PDF: 'pdf'>]
2026-06-25 15:38:42,860 INFO Going to convert document batch...
2026-06-25 15:38:42,862 INFO Processing document page_11.pdf
2026-06-25 15:38:43,211 INFO detected formats: [<InputFormat.PDF: 'pdf'>]
2026-06-25 15:38:43,213 INFO Going to convert document batch...
2026-06-25 15:38:43,215 INFO Processing document page_12.pdf
2026-06-25 15:38:44,109 INFO detected formats: [<InputFormat.PDF: 'pdf'>]
2026-06-25 15:38:44,109 INFO Going to convert document batch...
2026-06-25 15:38:44,114 INFO Processing document page_13.pdf
2026-06-25 15:38:49,376 INFO Finished converting document page_12.pdf in 6.17 sec.
2026-06-25 15:38:49,378 ERROR {'document': '3M_2015_10K', 'page': 12, 'status': 'DLQ', 'engine': None, 'reason': 'Fidelity Check Failed: low_entropy_garbage', 'retry_count': 0, 'error': 'None'}
2026-06-25 15:38:49,670 INFO Finished converting document page_11.pdf in 6.81 sec.
2026-06-25 15:38:49,672 ERROR {'document': '3M_2015_10K', 'page': 11, 'status': 'DLQ', 'engine': None, 'reason': 'Fidelity Check Failed: low_entropy_garbage', 'retry_count': 0, 'error': 'None'}
2026-06-25 15:38:51,500 INFO detected formats: [<InputFormat.PDF: 'pdf'>]
2026-06-25 15:38:51,503 INFO Going to convert document batch...
2026-06-25 15:38:51,503 INFO Processing document page_14.pdf
2026-06-25 15:38:51,734 INFO detected formats: [<InputFormat.PDF: 'pdf'>]
2026-06-25 15:38:51,737 INFO Going to convert document batch...
2026-06-25 15:38:51,737 INFO Processing document page_15.pdf
2026-06-25 15:38:52,090 INFO Finished converting document page_8.pdf in 17.62 sec.
2026-06-25 15:38:52,101 ERROR {'document': '3M_2015_10K', 'page': 8, 'status': 'DLQ', 'engine': None, 'reason': 'Fidelity Check Failed: low_entropy_garbage', 'retry_count': 0, 'error': 'None'}
2026-06-25 15:38:54,358 INFO detected formats: [<InputFormat.PDF: 'pdf'>]
2026-06-25 15:38:54,360 INFO Going to convert document batch...
2026-06-25 15:38:54,361 INFO Processing document page_16.pdf
2026-06-25 15:38:55,793 INFO Finished converting document page_13.pdf in 11.69 sec.
2026-06-25 15:38:55,913 ERROR {'document': '3M_2015_10K', 'page': 13, 'status': 'DLQ', 'engine': None, 'reason': 'Fidelity Check Failed: low_entropy_garbage', 'retry_count': 0, 'error': 'None'}
2026-06-25 15:38:57,898 INFO detected formats: [<InputFormat.PDF: 'pdf'>]
2026-06-25 15:38:57,898 INFO Going to convert document batch...
2026-06-25 15:38:57,898 INFO Processing document page_17.pdf
2026-06-25 15:39:06,132 INFO Finished converting document page_17.pdf in 8.23 sec.
2026-06-25 15:39:06,135 ERROR {'document': '3M_2015_10K', 'page': 17, 'status': 'DLQ', 'engine': None, 'reason': 'Fidelity Check Failed: low_entropy_garbage', 'retry_count': 0, 'error': 'None'}
2026-06-25 15:39:06,861 INFO Finished converting document page_16.pdf in 12.50 sec.
2026-06-25 15:39:06,870 ERROR {'document': '3M_2015_10K', 'page': 16, 'status': 'DLQ', 'engine': None, 'reason': 'Fidelity Check Failed: low_entropy_garbage', 'retry_count': 0, 'error': 'None'}
2026-06-25 15:39:07,485 INFO Finished converting document page_15.pdf in 15.75 sec.
2026-06-25 15:39:07,494 ERROR {'document': '3M_2015_10K', 'page': 15, 'status': 'DLQ', 'engine': None, 'reason': 'Fidelity Check Failed: low_entropy_garbage', 'retry_count': 0, 'error': 'None'}
2026-06-25 15:39:07,960 INFO detected formats: [<InputFormat.PDF: 'pdf'>]
2026-06-25 15:39:07,962 INFO Going to convert document batch...
2026-06-25 15:39:07,962 INFO Processing document page_18.pdf
2026-06-25 15:39:08,525 INFO Finished converting document page_14.pdf in 17.03 sec.
2026-06-25 15:39:08,603 ERROR {'document': '3M_2015_10K', 'page': 14, 'status': 'DLQ', 'engine': None, 'reason': 'Fidelity Check Failed: low_entropy_garbage', 'retry_count': 0, 'error': 'None'}
2026-06-25 15:39:08,871 INFO detected formats: [<InputFormat.PDF: 'pdf'>]
2026-06-25 15:39:08,873 INFO Going to convert document batch...
2026-06-25 15:39:08,873 INFO Processing document page_20.pdf
2026-06-25 15:39:09,870 INFO detected formats: [<InputFormat.PDF: 'pdf'>]
2026-06-25 15:39:09,873 INFO Going to convert document batch...
2026-06-25 15:39:09,875 INFO Processing document page_19.pdf
2026-06-25 15:39:11,158 INFO detected formats: [<InputFormat.PDF: 'pdf'>]
2026-06-25 15:39:11,161 INFO Going to convert document batch...
2026-06-25 15:39:11,162 INFO Processing document page_21.pdf
2026-06-25 15:39:13,904 INFO Finished converting document page_18.pdf in 5.94 sec.
2026-06-25 15:39:13,907 ERROR {'document': '3M_2015_10K', 'page': 18, 'status': 'DLQ', 'engine': None, 'reason': 'Fidelity Check Failed: low_entropy_garbage', 'retry_count': 0, 'error': 'None'}
2026-06-25 15:39:14,950 INFO Finished converting document page_20.pdf in 6.08 sec.
2026-06-25 15:39:14,955 ERROR {'document': '3M_2015_10K', 'page': 20, 'status': 'DLQ', 'engine': None, 'reason': 'Fidelity Check Failed: low_entropy_garbage', 'retry_count': 0, 'error': 'None'}
2026-06-25 15:39:15,437 INFO detected formats: [<InputFormat.PDF: 'pdf'>]
2026-06-25 15:39:15,440 INFO Going to convert document batch...
2026-06-25 15:39:15,440 INFO Processing document page_22.pdf
2026-06-25 15:39:16,513 INFO detected formats: [<InputFormat.PDF: 'pdf'>]
2026-06-25 15:39:16,515 INFO Going to convert document batch...
2026-06-25 15:39:16,515 INFO Processing document page_23.pdf
2026-06-25 15:39:24,860 INFO Finished converting document page_22.pdf in 9.42 sec.
2026-06-25 15:39:24,875 ERROR {'document': '3M_2015_10K', 'page': 22, 'status': 'DLQ', 'engine': None, 'reason': 'Fidelity Check Failed: low_entropy_garbage', 'retry_count': 0, 'error': 'None'}
2026-06-25 15:39:27,182 INFO Finished converting document page_19.pdf in 17.31 sec.
2026-06-25 15:39:27,193 ERROR {'document': '3M_2015_10K', 'page': 19, 'status': 'DLQ', 'engine': None, 'reason': 'Fidelity Check Failed: low_entropy_garbage', 'retry_count': 0, 'error': 'None'}
2026-06-25 15:39:28,075 INFO detected formats: [<InputFormat.PDF: 'pdf'>]
2026-06-25 15:39:28,087 INFO Going to convert document batch...
2026-06-25 15:39:28,091 INFO Processing document page_24.pdf
2026-06-25 15:39:30,270 INFO detected formats: [<InputFormat.PDF: 'pdf'>]
2026-06-25 15:39:30,273 INFO Going to convert document batch...
2026-06-25 15:39:30,274 INFO Processing document page_25.pdf
2026-06-25 15:39:34,109 INFO Finished converting document page_21.pdf in 22.95 sec.
2026-06-25 15:39:34,135 ERROR {'document': '3M_2015_10K', 'page': 21, 'status': 'DLQ', 'engine': None, 'reason': 'Fidelity Check Failed: low_entropy_garbage', 'retry_count': 0, 'error': 'None'}
2026-06-25 15:39:35,203 INFO Finished converting document page_23.pdf in 18.69 sec.
2026-06-25 15:39:35,210 ERROR {'document': '3M_2015_10K', 'page': 23, 'status': 'DLQ', 'engine': None, 'reason': 'Fidelity Check Failed: low_entropy_garbage', 'retry_count': 0, 'error': 'None'}
2026-06-25 15:39:36,961 INFO detected formats: [<InputFormat.PDF: 'pdf'>]
2026-06-25 15:39:36,966 INFO Going to convert document batch...
2026-06-25 15:39:36,969 INFO Processing document page_26.pdf
2026-06-25 15:39:38,145 INFO detected formats: [<InputFormat.PDF: 'pdf'>]
2026-06-25 15:39:38,151 INFO Going to convert document batch...
2026-06-25 15:39:38,152 INFO Processing document page_27.pdf
2026-06-25 15:39:41,593 INFO Finished converting document page_25.pdf in 11.33 sec.
2026-06-25 15:39:41,597 ERROR {'document': '3M_2015_10K', 'page': 25, 'status': 'DLQ', 'engine': None, 'reason': 'Fidelity Check Failed: low_entropy_garbage', 'retry_count': 0, 'error': 'None'}
2026-06-25 15:39:43,245 INFO detected formats: [<InputFormat.PDF: 'pdf'>]
2026-06-25 15:39:43,245 INFO Going to convert document batch...
2026-06-25 15:39:43,245 INFO Processing document page_28.pdf
2026-06-25 15:39:43,318 INFO Finished converting document page_24.pdf in 15.23 sec.
2026-06-25 15:39:43,318 ERROR {'document': '3M_2015_10K', 'page': 24, 'status': 'DLQ', 'engine': None, 'reason': 'Fidelity Check Failed: low_entropy_garbage', 'retry_count': 0, 'error': 'None'}
2026-06-25 15:39:44,417 INFO detected formats: [<InputFormat.PDF: 'pdf'>]
2026-06-25 15:39:44,420 INFO Going to convert document batch...
2026-06-25 15:39:44,420 INFO Processing document page_29.pdf
2026-06-25 15:39:48,538 INFO Finished converting document page_26.pdf in 11.58 sec.
2026-06-25 15:39:48,551 ERROR {'document': '3M_2015_10K', 'page': 26, 'status': 'DLQ', 'engine': None, 'reason': 'Fidelity Check Failed: low_entropy_garbage', 'retry_count': 0, 'error': 'None'}
2026-06-25 15:39:49,170 INFO Finished converting document page_27.pdf in 11.03 sec.
2026-06-25 15:39:49,183 ERROR {'document': '3M_2015_10K', 'page': 27, 'status': 'DLQ', 'engine': None, 'reason': 'Fidelity Check Failed: low_entropy_garbage', 'retry_count': 0, 'error': 'None'}
2026-06-25 15:39:50,013 INFO Finished converting document page_29.pdf in 5.59 sec.
2026-06-25 15:39:50,018 ERROR {'document': '3M_2015_10K', 'page': 29, 'status': 'DLQ', 'engine': None, 'reason': 'Fidelity Check Failed: low_entropy_garbage', 'retry_count': 0, 'error': 'None'}
2026-06-25 15:39:50,701 INFO detected formats: [<InputFormat.PDF: 'pdf'>]
2026-06-25 15:39:50,702 INFO Going to convert document batch...
2026-06-25 15:39:50,703 INFO Processing document page_30.pdf
2026-06-25 15:39:51,068 INFO detected formats: [<InputFormat.PDF: 'pdf'>]
2026-06-25 15:39:51,068 INFO Going to convert document batch...
2026-06-25 15:39:51,068 INFO Processing document page_31.pdf
2026-06-25 15:39:51,097 INFO detected formats: [<InputFormat.PDF: 'pdf'>]
2026-06-25 15:39:51,099 INFO Going to convert document batch...
2026-06-25 15:39:51,100 INFO Processing document page_32.pdf
2026-06-25 15:39:54,922 INFO Finished converting document page_28.pdf in 11.67 sec.
2026-06-25 15:39:54,926 ERROR {'document': '3M_2015_10K', 'page': 28, 'status': 'DLQ', 'engine': None, 'reason': 'Fidelity Check Failed: low_entropy_garbage', 'retry_count': 0, 'error': 'None'}
2026-06-25 15:39:57,247 INFO Finished converting document page_32.pdf in 6.16 sec.
2026-06-25 15:39:57,251 ERROR {'document': '3M_2015_10K', 'page': 32, 'status': 'DLQ', 'engine': None, 'reason': 'Fidelity Check Failed: low_entropy_garbage', 'retry_count': 0, 'error': 'None'}
2026-06-25 15:39:59,053 INFO detected formats: [<InputFormat.PDF: 'pdf'>]
2026-06-25 15:39:59,055 INFO Going to convert document batch...
2026-06-25 15:39:59,056 INFO Processing document page_33.pdf
2026-06-25 15:39:59,818 INFO detected formats: [<InputFormat.PDF: 'pdf'>]
2026-06-25 15:39:59,823 INFO Going to convert document batch...
2026-06-25 15:39:59,824 INFO Processing document page_34.pdf
2026-06-25 15:40:03,459 INFO Finished converting document page_30.pdf in 12.75 sec.
2026-06-25 15:40:03,468 ERROR {'document': '3M_2015_10K', 'page': 30, 'status': 'DLQ', 'engine': None, 'reason': 'Fidelity Check Failed: low_entropy_garbage', 'retry_count': 0, 'error': 'None'}
2026-06-25 15:40:03,765 INFO Finished converting document page_31.pdf in 12.70 sec.
2026-06-25 15:40:03,779 ERROR {'document': '3M_2015_10K', 'page': 31, 'status': 'DLQ', 'engine': None, 'reason': 'Fidelity Check Failed: low_entropy_garbage', 'retry_count': 0, 'error': 'None'}
2026-06-25 15:40:06,090 INFO detected formats: [<InputFormat.PDF: 'pdf'>]
2026-06-25 15:40:06,095 INFO Going to convert document batch...
2026-06-25 15:40:06,097 INFO Processing document page_35.pdf
2026-06-25 15:40:06,552 INFO detected formats: [<InputFormat.PDF: 'pdf'>]
2026-06-25 15:40:06,553 INFO Going to convert document batch...
2026-06-25 15:40:06,554 INFO Processing document page_36.pdf
2026-06-25 15:40:16,082 INFO Finished converting document page_34.pdf in 16.27 sec.
2026-06-25 15:40:16,092 ERROR {'document': '3M_2015_10K', 'page': 34, 'status': 'DLQ', 'engine': None, 'reason': 'Fidelity Check Failed: low_entropy_garbage', 'retry_count': 0, 'error': 'None'}
2026-06-25 15:40:18,359 INFO detected formats: [<InputFormat.PDF: 'pdf'>]
2026-06-25 15:40:18,359 INFO Going to convert document batch...
2026-06-25 15:40:18,359 INFO Processing document page_37.pdf
2026-06-25 15:40:18,954 INFO Finished converting document page_36.pdf in 12.41 sec.
2026-06-25 15:40:18,965 ERROR {'document': '3M_2015_10K', 'page': 36, 'status': 'DLQ', 'engine': None, 'reason': 'Fidelity Check Failed: low_entropy_garbage', 'retry_count': 0, 'error': 'None'}
2026-06-25 15:40:18,967 INFO Finished converting document page_35.pdf in 12.88 sec.
2026-06-25 15:40:18,973 ERROR {'document': '3M_2015_10K', 'page': 35, 'status': 'DLQ', 'engine': None, 'reason': 'Fidelity Check Failed: low_entropy_garbage', 'retry_count': 0, 'error': 'None'}
2026-06-25 15:40:21,081 INFO detected formats: [<InputFormat.PDF: 'pdf'>]
2026-06-25 15:40:21,087 INFO Going to convert document batch...
2026-06-25 15:40:21,087 INFO Processing document page_38.pdf
2026-06-25 15:40:21,598 INFO detected formats: [<InputFormat.PDF: 'pdf'>]
2026-06-25 15:40:21,600 INFO Going to convert document batch...
2026-06-25 15:40:21,601 INFO Processing document page_39.pdf
2026-06-25 15:40:24,946 INFO Finished converting document page_37.pdf in 6.59 sec.
2026-06-25 15:40:24,950 ERROR {'document': '3M_2015_10K', 'page': 37, 'status': 'DLQ', 'engine': None, 'reason': 'Fidelity Check Failed: low_entropy_garbage', 'retry_count': 0, 'error': 'None'}
2026-06-25 15:40:26,909 INFO detected formats: [<InputFormat.PDF: 'pdf'>]
2026-06-25 15:40:26,911 INFO Going to convert document batch...
2026-06-25 15:40:26,913 INFO Processing document page_40.pdf
2026-06-25 15:40:27,924 INFO Finished converting document page_39.pdf in 6.33 sec.
2026-06-25 15:40:27,934 ERROR {'document': '3M_2015_10K', 'page': 39, 'status': 'DLQ', 'engine': None, 'reason': 'Fidelity Check Failed: low_entropy_garbage', 'retry_count': 0, 'error': 'None'}
2026-06-25 15:40:28,156 INFO Finished converting document page_33.pdf in 29.11 sec.
2026-06-25 15:40:28,184 ERROR {'document': '3M_2015_10K', 'page': 33, 'status': 'DLQ', 'engine': None, 'reason': 'Fidelity Check Failed: low_entropy_garbage', 'retry_count': 0, 'error': 'None'}
2026-06-25 15:40:30,725 INFO Finished converting document page_38.pdf in 9.64 sec.
2026-06-25 15:40:30,731 ERROR {'document': '3M_2015_10K', 'page': 38, 'status': 'DLQ', 'engine': None, 'reason': 'Fidelity Check Failed: low_entropy_garbage', 'retry_count': 0, 'error': 'None'}
2026-06-25 15:40:30,745 INFO detected formats: [<InputFormat.PDF: 'pdf'>]
2026-06-25 15:40:30,747 INFO Going to convert document batch...
2026-06-25 15:40:30,748 INFO Processing document page_42.pdf
2026-06-25 15:40:30,775 INFO detected formats: [<InputFormat.PDF: 'pdf'>]
2026-06-25 15:40:30,776 INFO Going to convert document batch...
2026-06-25 15:40:30,776 INFO Processing document page_41.pdf
2026-06-25 15:40:32,336 INFO detected formats: [<InputFormat.PDF: 'pdf'>]
2026-06-25 15:40:32,337 INFO Going to convert document batch...
2026-06-25 15:40:32,338 INFO Processing document page_43.pdf
2026-06-25 15:40:37,992 INFO Finished converting document page_43.pdf in 5.66 sec.
2026-06-25 15:40:37,992 ERROR {'document': '3M_2015_10K', 'page': 43, 'status': 'DLQ', 'engine': None, 'reason': 'Fidelity Check Failed: low_entropy_garbage', 'retry_count': 0, 'error': 'None'}
2026-06-25 15:40:38,921 INFO Finished converting document page_40.pdf in 12.01 sec.
2026-06-25 15:40:38,925 ERROR {'document': '3M_2015_10K', 'page': 40, 'status': 'DLQ', 'engine': None, 'reason': 'Fidelity Check Failed: low_entropy_garbage', 'retry_count': 0, 'error': 'None'}
2026-06-25 15:40:40,595 INFO detected formats: [<InputFormat.PDF: 'pdf'>]
2026-06-25 15:40:40,599 INFO Going to convert document batch...
2026-06-25 15:40:40,601 INFO Processing document page_45.pdf
2026-06-25 15:40:40,785 INFO detected formats: [<InputFormat.PDF: 'pdf'>]
2026-06-25 15:40:40,786 INFO Going to convert document batch...
2026-06-25 15:40:40,786 INFO Processing document page_44.pdf
2026-06-25 15:40:41,584 INFO Finished converting document page_42.pdf in 10.83 sec.
2026-06-25 15:40:41,596 ERROR {'document': '3M_2015_10K', 'page': 42, 'status': 'DLQ', 'engine': None, 'reason': 'Fidelity Check Failed: low_entropy_garbage', 'retry_count': 0, 'error': 'None'}
2026-06-25 15:40:43,292 INFO detected formats: [<InputFormat.PDF: 'pdf'>]
2026-06-25 15:40:43,295 INFO Going to convert document batch...
2026-06-25 15:40:43,297 INFO Processing document page_46.pdf
2026-06-25 15:40:43,514 INFO Finished converting document page_41.pdf in 12.73 sec.
2026-06-25 15:40:43,525 ERROR {'document': '3M_2015_10K', 'page': 41, 'status': 'DLQ', 'engine': None, 'reason': 'Fidelity Check Failed: low_entropy_garbage', 'retry_count': 0, 'error': 'None'}
2026-06-25 15:40:44,280 INFO detected formats: [<InputFormat.PDF: 'pdf'>]
2026-06-25 15:40:44,290 INFO Going to convert document batch...
2026-06-25 15:40:44,290 INFO Processing document page_47.pdf
2026-06-25 15:40:46,620 INFO Finished converting document page_45.pdf in 6.03 sec.
2026-06-25 15:40:46,628 ERROR {'document': '3M_2015_10K', 'page': 45, 'status': 'DLQ', 'engine': None, 'reason': 'Fidelity Check Failed: low_entropy_garbage', 'retry_count': 0, 'error': 'None'}
2026-06-25 15:40:47,661 INFO detected formats: [<InputFormat.PDF: 'pdf'>]
2026-06-25 15:40:47,667 INFO Going to convert document batch...
2026-06-25 15:40:47,667 INFO Processing document page_48.pdf
2026-06-25 15:40:53,116 INFO Finished converting document page_46.pdf in 9.81 sec.
2026-06-25 15:40:53,123 ERROR {'document': '3M_2015_10K', 'page': 46, 'status': 'DLQ', 'engine': None, 'reason': 'Fidelity Check Failed: low_entropy_garbage', 'retry_count': 0, 'error': 'None'}
2026-06-25 15:40:53,188 INFO Finished converting document page_44.pdf in 12.41 sec.
2026-06-25 15:40:53,199 ERROR {'document': '3M_2015_10K', 'page': 44, 'status': 'DLQ', 'engine': None, 'reason': 'Fidelity Check Failed: low_entropy_garbage', 'retry_count': 0, 'error': 'None'}
2026-06-25 15:40:53,318 INFO Finished converting document page_48.pdf in 5.66 sec.
2026-06-25 15:40:53,320 ERROR {'document': '3M_2015_10K', 'page': 48, 'status': 'DLQ', 'engine': None, 'reason': 'Fidelity Check Failed: low_entropy_garbage', 'retry_count': 0, 'error': 'None'}
2026-06-25 15:40:53,848 INFO detected formats: [<InputFormat.PDF: 'pdf'>]
2026-06-25 15:40:53,850 INFO Going to convert document batch...
2026-06-25 15:40:53,850 INFO Processing document page_51.pdf
2026-06-25 15:40:54,364 INFO detected formats: [<InputFormat.PDF: 'pdf'>]
2026-06-25 15:40:54,366 INFO Going to convert document batch...
2026-06-25 15:40:54,366 INFO Processing document page_50.pdf
2026-06-25 15:40:54,620 INFO detected formats: [<InputFormat.PDF: 'pdf'>]
2026-06-25 15:40:54,622 INFO Going to convert document batch...
2026-06-25 15:40:54,624 INFO Processing document page_49.pdf
2026-06-25 15:40:57,169 INFO Finished converting document page_47.pdf in 12.89 sec.
2026-06-25 15:40:57,172 ERROR {'document': '3M_2015_10K', 'page': 47, 'status': 'DLQ', 'engine': None, 'reason': 'Fidelity Check Failed: low_entropy_garbage', 'retry_count': 0, 'error': 'None'}
2026-06-25 15:40:58,714 INFO detected formats: [<InputFormat.PDF: 'pdf'>]
2026-06-25 15:40:58,714 INFO Going to convert document batch...
2026-06-25 15:40:58,714 INFO Processing document page_52.pdf
2026-06-25 15:40:59,988 INFO Finished converting document page_49.pdf in 5.36 sec.
2026-06-25 15:40:59,992 ERROR {'document': '3M_2015_10K', 'page': 49, 'status': 'DLQ', 'engine': None, 'reason': 'Fidelity Check Failed: low_entropy_garbage', 'retry_count': 0, 'error': 'None'}
2026-06-25 15:41:03,910 INFO Finished converting document page_51.pdf in 10.06 sec.
2026-06-25 15:41:03,916 ERROR {'document': '3M_2015_10K', 'page': 51, 'status': 'DLQ', 'engine': None, 'reason': 'Fidelity Check Failed: low_entropy_garbage', 'retry_count': 0, 'error': 'None'}
2026-06-25 15:41:04,227 INFO detected formats: [<InputFormat.PDF: 'pdf'>]
2026-06-25 15:41:04,227 INFO Going to convert document batch...
2026-06-25 15:41:04,236 INFO Processing document page_53.pdf
2026-06-25 15:41:05,793 INFO detected formats: [<InputFormat.PDF: 'pdf'>]
2026-06-25 15:41:05,795 INFO Going to convert document batch...
2026-06-25 15:41:05,795 INFO Processing document page_54.pdf
2026-06-25 15:41:08,358 INFO Finished converting document page_50.pdf in 14.00 sec.
2026-06-25 15:41:08,369 ERROR {'document': '3M_2015_10K', 'page': 50, 'status': 'DLQ', 'engine': None, 'reason': 'Fidelity Check Failed: low_entropy_garbage', 'retry_count': 0, 'error': 'None'}
2026-06-25 15:41:09,812 INFO detected formats: [<InputFormat.PDF: 'pdf'>]
2026-06-25 15:41:09,812 INFO Going to convert document batch...
2026-06-25 15:41:09,812 INFO Processing document page_55.pdf
2026-06-25 15:41:16,431 INFO Finished converting document page_55.pdf in 6.62 sec.
2026-06-25 15:41:16,433 ERROR {'document': '3M_2015_10K', 'page': 55, 'status': 'DLQ', 'engine': None, 'reason': 'Fidelity Check Failed: low_entropy_garbage', 'retry_count': 0, 'error': 'None'}
2026-06-25 15:41:18,848 INFO detected formats: [<InputFormat.PDF: 'pdf'>]
2026-06-25 15:41:18,848 INFO Going to convert document batch...
2026-06-25 15:41:18,848 INFO Processing document page_56.pdf
2026-06-25 15:41:19,518 INFO Finished converting document page_52.pdf in 20.80 sec.
2026-06-25 15:41:19,531 ERROR {'document': '3M_2015_10K', 'page': 52, 'status': 'DLQ', 'engine': None, 'reason': 'Fidelity Check Failed: low_entropy_garbage', 'retry_count': 0, 'error': 'None'}
2026-06-25 15:41:21,558 INFO detected formats: [<InputFormat.PDF: 'pdf'>]
2026-06-25 15:41:21,558 INFO Going to convert document batch...
2026-06-25 15:41:21,558 INFO Processing document page_57.pdf
2026-06-25 15:41:27,529 INFO Finished converting document page_57.pdf in 5.97 sec.
2026-06-25 15:41:27,531 ERROR {'document': '3M_2015_10K', 'page': 57, 'status': 'DLQ', 'engine': None, 'reason': 'Fidelity Check Failed: low_entropy_garbage', 'retry_count': 0, 'error': 'None'}
2026-06-25 15:41:28,525 INFO Finished converting document page_56.pdf in 9.69 sec.
2026-06-25 15:41:28,535 ERROR {'document': '3M_2015_10K', 'page': 56, 'status': 'DLQ', 'engine': None, 'reason': 'Fidelity Check Failed: low_entropy_garbage', 'retry_count': 0, 'error': 'None'}
2026-06-25 15:41:29,252 INFO Finished converting document page_54.pdf in 23.45 sec.
2026-06-25 15:41:29,268 ERROR {'document': '3M_2015_10K', 'page': 54, 'status': 'DLQ', 'engine': None, 'reason': 'Fidelity Check Failed: low_entropy_garbage', 'retry_count': 0, 'error': 'None'}
2026-06-25 15:41:29,393 INFO detected formats: [<InputFormat.PDF: 'pdf'>]
2026-06-25 15:41:29,396 INFO Going to convert document batch...
2026-06-25 15:41:29,396 INFO Processing document page_58.pdf
2026-06-25 15:41:29,983 INFO detected formats: [<InputFormat.PDF: 'pdf'>]
2026-06-25 15:41:29,984 INFO Going to convert document batch...
2026-06-25 15:41:29,986 INFO Processing document page_59.pdf
2026-06-25 15:41:31,724 INFO detected formats: [<InputFormat.PDF: 'pdf'>]
2026-06-25 15:41:31,726 INFO Going to convert document batch...
2026-06-25 15:41:31,726 INFO Processing document page_60.pdf
2026-06-25 15:41:35,866 INFO Finished converting document page_58.pdf in 6.47 sec.
2026-06-25 15:41:35,871 ERROR {'document': '3M_2015_10K', 'page': 58, 'status': 'DLQ', 'engine': None, 'reason': 'Fidelity Check Failed: low_entropy_garbage', 'retry_count': 0, 'error': 'None'}
2026-06-25 15:41:36,254 INFO Finished converting document page_59.pdf in 6.26 sec.
2026-06-25 15:41:36,256 ERROR {'document': '3M_2015_10K', 'page': 59, 'status': 'DLQ', 'engine': None, 'reason': 'Fidelity Check Failed: low_entropy_garbage', 'retry_count': 0, 'error': 'None'}
2026-06-25 15:41:37,332 INFO detected formats: [<InputFormat.PDF: 'pdf'>]
2026-06-25 15:41:37,338 INFO Going to convert document batch...
2026-06-25 15:41:37,338 INFO Processing document page_61.pdf
2026-06-25 15:41:38,237 INFO detected formats: [<InputFormat.PDF: 'pdf'>]
2026-06-25 15:41:38,246 INFO Going to convert document batch...
2026-06-25 15:41:38,246 INFO Processing document page_62.pdf
2026-06-25 15:41:40,812 INFO Finished converting document page_53.pdf in 36.58 sec.
2026-06-25 15:41:40,841 ERROR {'document': '3M_2015_10K', 'page': 53, 'status': 'DLQ', 'engine': None, 'reason': 'Fidelity Check Failed: low_entropy_garbage', 'retry_count': 0, 'error': 'None'}
2026-06-25 15:41:42,430 INFO Finished converting document page_60.pdf in 10.72 sec.
2026-06-25 15:41:42,438 ERROR {'document': '3M_2015_10K', 'page': 60, 'status': 'DLQ', 'engine': None, 'reason': 'Fidelity Check Failed: low_entropy_garbage', 'retry_count': 0, 'error': 'None'}
2026-06-25 15:41:43,036 INFO Finished converting document page_61.pdf in 5.70 sec.
2026-06-25 15:41:43,041 ERROR {'document': '3M_2015_10K', 'page': 61, 'status': 'DLQ', 'engine': None, 'reason': 'Fidelity Check Failed: low_entropy_garbage', 'retry_count': 0, 'error': 'None'}
2026-06-25 15:41:43,294 INFO detected formats: [<InputFormat.PDF: 'pdf'>]
2026-06-25 15:41:43,294 INFO Going to convert document batch...
2026-06-25 15:41:43,294 INFO Processing document page_63.pdf
2026-06-25 15:41:44,091 INFO Finished converting document page_62.pdf in 5.86 sec.
2026-06-25 15:41:44,091 ERROR {'document': '3M_2015_10K', 'page': 62, 'status': 'DLQ', 'engine': None, 'reason': 'Fidelity Check Failed: low_entropy_garbage', 'retry_count': 0, 'error': 'None'}
2026-06-25 15:41:44,379 INFO detected formats: [<InputFormat.PDF: 'pdf'>]
2026-06-25 15:41:44,382 INFO Going to convert document batch...
2026-06-25 15:41:44,382 INFO Processing document page_65.pdf
2026-06-25 15:41:45,039 INFO detected formats: [<InputFormat.PDF: 'pdf'>]
2026-06-25 15:41:45,042 INFO Going to convert document batch...
2026-06-25 15:41:45,044 INFO Processing document page_64.pdf
2026-06-25 15:41:45,311 INFO detected formats: [<InputFormat.PDF: 'pdf'>]
2026-06-25 15:41:45,312 INFO Going to convert document batch...
2026-06-25 15:41:45,313 INFO Processing document page_66.pdf
2026-06-25 15:41:50,682 INFO Finished converting document page_65.pdf in 6.31 sec.
2026-06-25 15:41:50,682 ERROR {'document': '3M_2015_10K', 'page': 65, 'status': 'DLQ', 'engine': None, 'reason': 'Fidelity Check Failed: low_entropy_garbage', 'retry_count': 0, 'error': 'None'}
2026-06-25 15:41:51,622 INFO Finished converting document page_66.pdf in 6.31 sec.
2026-06-25 15:41:51,625 ERROR {'document': '3M_2015_10K', 'page': 66, 'status': 'DLQ', 'engine': None, 'reason': 'Fidelity Check Failed: low_entropy_garbage', 'retry_count': 0, 'error': 'None'}
2026-06-25 15:41:53,229 INFO detected formats: [<InputFormat.PDF: 'pdf'>]
2026-06-25 15:41:53,231 INFO Going to convert document batch...
2026-06-25 15:41:53,232 INFO Processing document page_67.pdf
2026-06-25 15:41:53,359 INFO Finished converting document page_63.pdf in 10.06 sec.
2026-06-25 15:41:53,366 ERROR {'document': '3M_2015_10K', 'page': 63, 'status': 'DLQ', 'engine': None, 'reason': 'Fidelity Check Failed: low_entropy_garbage', 'retry_count': 0, 'error': 'None'}
2026-06-25 15:41:53,544 INFO detected formats: [<InputFormat.PDF: 'pdf'>]
2026-06-25 15:41:53,546 INFO Going to convert document batch...
2026-06-25 15:41:53,546 INFO Processing document page_68.pdf
2026-06-25 15:41:54,060 INFO detected formats: [<InputFormat.PDF: 'pdf'>]
2026-06-25 15:41:54,060 INFO Going to convert document batch...
2026-06-25 15:41:54,060 INFO Processing document page_69.pdf
2026-06-25 15:42:04,685 INFO Finished converting document page_69.pdf in 10.62 sec.
2026-06-25 15:42:04,693 ERROR {'document': '3M_2015_10K', 'page': 69, 'status': 'DLQ', 'engine': None, 'reason': 'Fidelity Check Failed: low_entropy_garbage', 'retry_count': 0, 'error': 'None'}
2026-06-25 15:42:06,527 INFO Finished converting document page_64.pdf in 21.50 sec.
2026-06-25 15:42:06,537 ERROR {'document': '3M_2015_10K', 'page': 64, 'status': 'DLQ', 'engine': None, 'reason': 'Fidelity Check Failed: low_entropy_garbage', 'retry_count': 0, 'error': 'None'}
2026-06-25 15:42:07,388 INFO detected formats: [<InputFormat.PDF: 'pdf'>]
2026-06-25 15:42:07,390 INFO Going to convert document batch...
2026-06-25 15:42:07,392 INFO Processing document page_70.pdf
2026-06-25 15:42:09,411 INFO detected formats: [<InputFormat.PDF: 'pdf'>]
2026-06-25 15:42:09,413 INFO Going to convert document batch...
2026-06-25 15:42:09,415 INFO Processing document page_71.pdf
2026-06-25 15:42:15,246 INFO Finished converting document page_67.pdf in 22.01 sec.
2026-06-25 15:42:15,263 ERROR {'document': '3M_2015_10K', 'page': 67, 'status': 'DLQ', 'engine': None, 'reason': 'Fidelity Check Failed: low_entropy_garbage', 'retry_count': 0, 'error': 'None'}
2026-06-25 15:42:16,580 INFO Finished converting document page_68.pdf in 23.03 sec.
2026-06-25 15:42:16,612 ERROR {'document': '3M_2015_10K', 'page': 68, 'status': 'DLQ', 'engine': None, 'reason': 'Fidelity Check Failed: low_entropy_garbage', 'retry_count': 0, 'error': 'None'}
2026-06-25 15:42:19,245 INFO detected formats: [<InputFormat.PDF: 'pdf'>]
2026-06-25 15:42:19,246 INFO Going to convert document batch...
2026-06-25 15:42:19,247 INFO Processing document page_72.pdf
2026-06-25 15:42:20,480 INFO detected formats: [<InputFormat.PDF: 'pdf'>]
2026-06-25 15:42:20,483 INFO Going to convert document batch...
2026-06-25 15:42:20,485 INFO Processing document page_73.pdf
2026-06-25 15:42:33,889 INFO Finished converting document page_70.pdf in 26.50 sec.
2026-06-25 15:42:33,903 ERROR {'document': '3M_2015_10K', 'page': 70, 'status': 'DLQ', 'engine': None, 'reason': 'Fidelity Check Failed: low_entropy_garbage', 'retry_count': 0, 'error': 'None'}
2026-06-25 15:42:36,108 INFO Finished converting document page_71.pdf in 26.70 sec.
2026-06-25 15:42:36,122 ERROR {'document': '3M_2015_10K', 'page': 71, 'status': 'DLQ', 'engine': None, 'reason': 'Fidelity Check Failed: low_entropy_garbage', 'retry_count': 0, 'error': 'None'}
2026-06-25 15:42:37,278 INFO Finished converting document page_73.pdf in 16.80 sec.
2026-06-25 15:42:37,284 ERROR {'document': '3M_2015_10K', 'page': 73, 'status': 'DLQ', 'engine': None, 'reason': 'Fidelity Check Failed: low_entropy_garbage', 'retry_count': 0, 'error': 'None'}
2026-06-25 15:42:37,467 INFO detected formats: [<InputFormat.PDF: 'pdf'>]
2026-06-25 15:42:37,469 INFO Going to convert document batch...
2026-06-25 15:42:37,470 INFO Processing document page_74.pdf
2026-06-25 15:42:38,340 INFO detected formats: [<InputFormat.PDF: 'pdf'>]
2026-06-25 15:42:38,340 INFO Going to convert document batch...
2026-06-25 15:42:38,343 INFO Processing document page_75.pdf
2026-06-25 15:42:39,085 INFO detected formats: [<InputFormat.PDF: 'pdf'>]
2026-06-25 15:42:39,086 INFO Going to convert document batch...
2026-06-25 15:42:39,089 INFO Processing document page_76.pdf
2026-06-25 15:42:45,988 INFO Finished converting document page_72.pdf in 26.74 sec.
2026-06-25 15:42:46,011 ERROR {'document': '3M_2015_10K', 'page': 72, 'status': 'DLQ', 'engine': None, 'reason': 'Fidelity Check Failed: low_entropy_garbage', 'retry_count': 0, 'error': 'None'}
2026-06-25 15:42:47,604 INFO detected formats: [<InputFormat.PDF: 'pdf'>]
2026-06-25 15:42:47,606 INFO Going to convert document batch...
2026-06-25 15:42:47,606 INFO Processing document page_77.pdf
2026-06-25 15:42:50,111 INFO Finished converting document page_75.pdf in 11.77 sec.
2026-06-25 15:42:50,121 ERROR {'document': '3M_2015_10K', 'page': 75, 'status': 'DLQ', 'engine': None, 'reason': 'Fidelity Check Failed: low_entropy_garbage', 'retry_count': 0, 'error': 'None'}
2026-06-25 15:42:51,188 INFO Finished converting document page_76.pdf in 12.11 sec.
2026-06-25 15:42:51,194 ERROR {'document': '3M_2015_10K', 'page': 76, 'status': 'DLQ', 'engine': None, 'reason': 'Fidelity Check Failed: low_entropy_garbage', 'retry_count': 0, 'error': 'None'}
2026-06-25 15:42:51,220 INFO detected formats: [<InputFormat.PDF: 'pdf'>]
2026-06-25 15:42:51,220 INFO Going to convert document batch...
2026-06-25 15:42:51,222 INFO Processing document page_78.pdf
2026-06-25 15:42:54,259 INFO detected formats: [<InputFormat.PDF: 'pdf'>]
2026-06-25 15:42:54,265 INFO Going to convert document batch...
2026-06-25 15:42:54,278 INFO Processing document page_79.pdf
2026-06-25 15:42:57,330 INFO Finished converting document page_74.pdf in 19.86 sec.
2026-06-25 15:42:57,344 ERROR {'document': '3M_2015_10K', 'page': 74, 'status': 'DLQ', 'engine': None, 'reason': 'Fidelity Check Failed: low_entropy_garbage', 'retry_count': 0, 'error': 'None'}
2026-06-25 15:42:59,265 INFO detected formats: [<InputFormat.PDF: 'pdf'>]
2026-06-25 15:42:59,267 INFO Going to convert document batch...
2026-06-25 15:42:59,267 INFO Processing document page_80.pdf
2026-06-25 15:42:59,624 INFO Finished converting document page_78.pdf in 8.41 sec.
2026-06-25 15:42:59,624 ERROR {'document': '3M_2015_10K', 'page': 78, 'status': 'DLQ', 'engine': None, 'reason': 'Fidelity Check Failed: low_entropy_garbage', 'retry_count': 0, 'error': 'None'}
2026-06-25 15:43:00,049 INFO Finished converting document page_77.pdf in 12.44 sec.
2026-06-25 15:43:00,057 ERROR {'document': '3M_2015_10K', 'page': 77, 'status': 'DLQ', 'engine': None, 'reason': 'Fidelity Check Failed: low_entropy_garbage', 'retry_count': 0, 'error': 'None'}
2026-06-25 15:43:01,361 INFO detected formats: [<InputFormat.PDF: 'pdf'>]
2026-06-25 15:43:01,362 INFO Going to convert document batch...
2026-06-25 15:43:01,363 INFO Processing document page_81.pdf
2026-06-25 15:43:02,267 INFO detected formats: [<InputFormat.PDF: 'pdf'>]
2026-06-25 15:43:02,269 INFO Going to convert document batch...
2026-06-25 15:43:02,270 INFO Processing document page_82.pdf
2026-06-25 15:43:07,932 INFO Finished converting document page_81.pdf in 6.58 sec.
2026-06-25 15:43:07,938 ERROR {'document': '3M_2015_10K', 'page': 81, 'status': 'DLQ', 'engine': None, 'reason': 'Fidelity Check Failed: low_entropy_garbage', 'retry_count': 0, 'error': 'None'}
2026-06-25 15:43:08,351 INFO Finished converting document page_80.pdf in 9.09 sec.
2026-06-25 15:43:08,361 ERROR {'document': '3M_2015_10K', 'page': 80, 'status': 'DLQ', 'engine': None, 'reason': 'Fidelity Check Failed: low_entropy_garbage', 'retry_count': 0, 'error': 'None'}
2026-06-25 15:43:08,556 INFO Finished converting document page_82.pdf in 6.30 sec.
2026-06-25 15:43:08,561 ERROR {'document': '3M_2015_10K', 'page': 82, 'status': 'DLQ', 'engine': None, 'reason': 'Fidelity Check Failed: low_entropy_garbage', 'retry_count': 0, 'error': 'None'}
2026-06-25 15:43:10,027 INFO detected formats: [<InputFormat.PDF: 'pdf'>]
2026-06-25 15:43:10,027 INFO Going to convert document batch...
2026-06-25 15:43:10,027 INFO Processing document page_83.pdf
2026-06-25 15:43:10,041 INFO detected formats: [<InputFormat.PDF: 'pdf'>]
2026-06-25 15:43:10,041 INFO Going to convert document batch...
2026-06-25 15:43:10,047 INFO Processing document page_84.pdf
2026-06-25 15:43:12,064 INFO detected formats: [<InputFormat.PDF: 'pdf'>]
2026-06-25 15:43:12,064 INFO Going to convert document batch...
2026-06-25 15:43:12,064 INFO Processing document page_85.pdf
2026-06-25 15:43:23,207 INFO Finished converting document page_79.pdf in 28.94 sec.
2026-06-25 15:43:23,227 ERROR {'document': '3M_2015_10K', 'page': 79, 'status': 'DLQ', 'engine': None, 'reason': 'Fidelity Check Failed: low_entropy_garbage', 'retry_count': 0, 'error': 'None'}
2026-06-25 15:43:26,791 INFO detected formats: [<InputFormat.PDF: 'pdf'>]
2026-06-25 15:43:26,792 INFO Going to convert document batch...
2026-06-25 15:43:26,794 INFO Processing document page_86.pdf
2026-06-25 15:43:36,881 INFO Finished converting document page_84.pdf in 26.83 sec.
2026-06-25 15:43:36,911 ERROR {'document': '3M_2015_10K', 'page': 84, 'status': 'DLQ', 'engine': None, 'reason': 'Fidelity Check Failed: low_entropy_garbage', 'retry_count': 0, 'error': 'None'}
2026-06-25 15:43:37,044 INFO Finished converting document page_83.pdf in 27.01 sec.
2026-06-25 15:43:37,065 ERROR {'document': '3M_2015_10K', 'page': 83, 'status': 'DLQ', 'engine': None, 'reason': 'Fidelity Check Failed: low_entropy_garbage', 'retry_count': 0, 'error': 'None'}
2026-06-25 15:43:38,640 INFO detected formats: [<InputFormat.PDF: 'pdf'>]
2026-06-25 15:43:38,642 INFO Going to convert document batch...
2026-06-25 15:43:38,643 INFO Processing document page_87.pdf
2026-06-25 15:43:41,303 INFO detected formats: [<InputFormat.PDF: 'pdf'>]
2026-06-25 15:43:41,303 INFO Going to convert document batch...
2026-06-25 15:43:41,303 INFO Processing document page_88.pdf
2026-06-25 15:43:46,553 INFO Finished converting document page_85.pdf in 34.48 sec.
2026-06-25 15:43:46,578 ERROR {'document': '3M_2015_10K', 'page': 85, 'status': 'DLQ', 'engine': None, 'reason': 'Fidelity Check Failed: low_entropy_garbage', 'retry_count': 0, 'error': 'None'}
2026-06-25 15:43:48,664 INFO Finished converting document page_86.pdf in 21.88 sec.
2026-06-25 15:43:48,676 ERROR {'document': '3M_2015_10K', 'page': 86, 'status': 'DLQ', 'engine': None, 'reason': 'Fidelity Check Failed: low_entropy_garbage', 'retry_count': 0, 'error': 'None'}
2026-06-25 15:43:49,994 INFO Finished converting document page_87.pdf in 11.36 sec.
2026-06-25 15:43:50,001 ERROR {'document': '3M_2015_10K', 'page': 87, 'status': 'DLQ', 'engine': None, 'reason': 'Fidelity Check Failed: low_entropy_garbage', 'retry_count': 0, 'error': 'None'}
2026-06-25 15:43:51,652 INFO detected formats: [<InputFormat.PDF: 'pdf'>]
2026-06-25 15:43:51,654 INFO Going to convert document batch...
2026-06-25 15:43:51,654 INFO Processing document page_89.pdf
2026-06-25 15:43:51,721 INFO detected formats: [<InputFormat.PDF: 'pdf'>]
2026-06-25 15:43:51,728 INFO Going to convert document batch...
2026-06-25 15:43:51,729 INFO Processing document page_91.pdf
2026-06-25 15:43:53,674 INFO detected formats: [<InputFormat.PDF: 'pdf'>]
2026-06-25 15:43:53,679 INFO Going to convert document batch...
2026-06-25 15:43:53,682 INFO Processing document page_90.pdf
2026-06-25 15:43:58,443 INFO Finished converting document page_91.pdf in 6.72 sec.
2026-06-25 15:43:58,451 ERROR {'document': '3M_2015_10K', 'page': 91, 'status': 'DLQ', 'engine': None, 'reason': 'Fidelity Check Failed: low_entropy_garbage', 'retry_count': 0, 'error': 'None'}
2026-06-25 15:44:00,860 INFO detected formats: [<InputFormat.PDF: 'pdf'>]
2026-06-25 15:44:00,861 INFO Going to convert document batch...
2026-06-25 15:44:00,863 INFO Processing document page_92.pdf
2026-06-25 15:44:07,893 INFO Finished converting document page_92.pdf in 7.03 sec.
2026-06-25 15:44:07,894 ERROR {'document': '3M_2015_10K', 'page': 92, 'status': 'DLQ', 'engine': None, 'reason': 'Fidelity Check Failed: low_entropy_garbage', 'retry_count': 0, 'error': 'None'}
2026-06-25 15:44:11,834 INFO detected formats: [<InputFormat.PDF: 'pdf'>]
2026-06-25 15:44:11,835 INFO Going to convert document batch...
2026-06-25 15:44:11,838 INFO Processing document page_93.pdf
2026-06-25 15:44:19,766 INFO Finished converting document page_88.pdf in 38.47 sec.
2026-06-25 15:44:19,783 ERROR {'document': '3M_2015_10K', 'page': 88, 'status': 'DLQ', 'engine': None, 'reason': 'Fidelity Check Failed: low_entropy_garbage', 'retry_count': 0, 'error': 'None'}
2026-06-25 15:44:22,615 INFO detected formats: [<InputFormat.PDF: 'pdf'>]
2026-06-25 15:44:22,616 INFO Going to convert document batch...
2026-06-25 15:44:22,617 INFO Processing document page_94.pdf
2026-06-25 15:44:28,991 INFO Finished converting document page_89.pdf in 37.34 sec.
2026-06-25 15:44:29,017 ERROR {'document': '3M_2015_10K', 'page': 89, 'status': 'DLQ', 'engine': None, 'reason': 'Fidelity Check Failed: low_entropy_garbage', 'retry_count': 0, 'error': 'None'}
2026-06-25 15:44:31,497 INFO Finished converting document page_90.pdf in 37.83 sec.
2026-06-25 15:44:31,523 ERROR {'document': '3M_2015_10K', 'page': 90, 'status': 'DLQ', 'engine': None, 'reason': 'Fidelity Check Failed: low_entropy_garbage', 'retry_count': 0, 'error': 'None'}
2026-06-25 15:44:31,786 INFO detected formats: [<InputFormat.PDF: 'pdf'>]
2026-06-25 15:44:31,788 INFO Going to convert document batch...
2026-06-25 15:44:31,788 INFO Processing document page_95.pdf
2026-06-25 15:44:33,153 INFO Finished converting document page_94.pdf in 10.55 sec.
2026-06-25 15:44:33,166 ERROR {'document': '3M_2015_10K', 'page': 94, 'status': 'DLQ', 'engine': None, 'reason': 'Fidelity Check Failed: low_entropy_garbage', 'retry_count': 0, 'error': 'None'}
2026-06-25 15:44:33,971 INFO Finished converting document page_93.pdf in 22.14 sec.
2026-06-25 15:44:33,983 ERROR {'document': '3M_2015_10K', 'page': 93, 'status': 'DLQ', 'engine': None, 'reason': 'Fidelity Check Failed: low_entropy_garbage', 'retry_count': 0, 'error': 'None'}
2026-06-25 15:44:34,077 INFO detected formats: [<InputFormat.PDF: 'pdf'>]
2026-06-25 15:44:34,086 INFO Going to convert document batch...
2026-06-25 15:44:34,086 INFO Processing document page_96.pdf
2026-06-25 15:44:35,338 INFO detected formats: [<InputFormat.PDF: 'pdf'>]
2026-06-25 15:44:35,341 INFO Going to convert document batch...
2026-06-25 15:44:35,341 INFO Processing document page_97.pdf
2026-06-25 15:44:36,105 INFO detected formats: [<InputFormat.PDF: 'pdf'>]
2026-06-25 15:44:36,105 INFO Going to convert document batch...
2026-06-25 15:44:36,108 INFO Processing document page_98.pdf
2026-06-25 15:44:47,404 INFO Finished converting document page_95.pdf in 15.62 sec.
2026-06-25 15:44:47,416 ERROR {'document': '3M_2015_10K', 'page': 95, 'status': 'DLQ', 'engine': None, 'reason': 'Fidelity Check Failed: low_entropy_garbage', 'retry_count': 0, 'error': 'None'}
2026-06-25 15:44:48,756 INFO detected formats: [<InputFormat.PDF: 'pdf'>]
2026-06-25 15:44:48,758 INFO Going to convert document batch...
2026-06-25 15:44:48,760 INFO Processing document page_99.pdf
2026-06-25 15:44:51,319 INFO Finished converting document page_97.pdf in 15.97 sec.
2026-06-25 15:44:51,329 ERROR {'document': '3M_2015_10K', 'page': 97, 'status': 'DLQ', 'engine': None, 'reason': 'Fidelity Check Failed: low_entropy_garbage', 'retry_count': 0, 'error': 'None'}
2026-06-25 15:44:52,666 INFO Finished converting document page_98.pdf in 16.56 sec.
2026-06-25 15:44:52,676 ERROR {'document': '3M_2015_10K', 'page': 98, 'status': 'DLQ', 'engine': None, 'reason': 'Fidelity Check Failed: low_entropy_garbage', 'retry_count': 0, 'error': 'None'}
2026-06-25 15:44:53,521 INFO detected formats: [<InputFormat.PDF: 'pdf'>]
2026-06-25 15:44:53,521 INFO Going to convert document batch...
2026-06-25 15:44:53,523 INFO Processing document page_100.pdf
2026-06-25 15:44:54,671 INFO detected formats: [<InputFormat.PDF: 'pdf'>]
2026-06-25 15:44:54,671 INFO Going to convert document batch...
2026-06-25 15:44:54,671 INFO Processing document page_101.pdf
2026-06-25 15:44:55,139 INFO Finished converting document page_99.pdf in 6.39 sec.
2026-06-25 15:44:55,143 ERROR {'document': '3M_2015_10K', 'page': 99, 'status': 'DLQ', 'engine': None, 'reason': 'Fidelity Check Failed: low_entropy_garbage', 'retry_count': 0, 'error': 'None'}
2026-06-25 15:44:56,535 INFO detected formats: [<InputFormat.PDF: 'pdf'>]
2026-06-25 15:44:56,535 INFO Going to convert document batch...
2026-06-25 15:44:56,535 INFO Processing document page_102.pdf
2026-06-25 15:45:00,476 INFO Finished converting document page_96.pdf in 26.41 sec.
2026-06-25 15:45:00,504 ERROR {'document': '3M_2015_10K', 'page': 96, 'status': 'DLQ', 'engine': None, 'reason': 'Fidelity Check Failed: low_entropy_garbage', 'retry_count': 0, 'error': 'None'}
2026-06-25 15:45:02,101 INFO detected formats: [<InputFormat.PDF: 'pdf'>]
2026-06-25 15:45:02,103 INFO Going to convert document batch...
2026-06-25 15:45:02,104 INFO Processing document page_103.pdf
2026-06-25 15:45:07,212 INFO Finished converting document page_102.pdf in 10.69 sec.
2026-06-25 15:45:07,220 ERROR {'document': '3M_2015_10K', 'page': 102, 'status': 'DLQ', 'engine': None, 'reason': 'Fidelity Check Failed: low_entropy_garbage', 'retry_count': 0, 'error': 'None'}
2026-06-25 15:45:07,744 INFO Finished converting document page_103.pdf in 5.66 sec.
2026-06-25 15:45:07,746 ERROR {'document': '3M_2015_10K', 'page': 103, 'status': 'DLQ', 'engine': None, 'reason': 'Fidelity Check Failed: low_entropy_garbage', 'retry_count': 0, 'error': 'None'}
2026-06-25 15:45:08,706 INFO detected formats: [<InputFormat.PDF: 'pdf'>]
2026-06-25 15:45:08,706 INFO Going to convert document batch...
2026-06-25 15:45:08,706 INFO Processing document page_104.pdf
2026-06-25 15:45:09,034 INFO Finished converting document page_101.pdf in 14.36 sec.
2026-06-25 15:45:09,045 ERROR {'document': '3M_2015_10K', 'page': 101, 'status': 'DLQ', 'engine': None, 'reason': 'Fidelity Check Failed: low_entropy_garbage', 'retry_count': 0, 'error': 'None'}
2026-06-25 15:45:09,200 INFO detected formats: [<InputFormat.PDF: 'pdf'>]
2026-06-25 15:45:09,200 INFO Going to convert document batch...
2026-06-25 15:45:09,200 INFO Processing document page_105.pdf
2026-06-25 15:45:11,544 INFO detected formats: [<InputFormat.PDF: 'pdf'>]
2026-06-25 15:45:11,546 INFO Going to convert document batch...
2026-06-25 15:45:11,548 INFO Processing document page_106.pdf
2026-06-25 15:45:14,771 INFO Finished converting document page_104.pdf in 6.06 sec.
2026-06-25 15:45:14,771 ERROR {'document': '3M_2015_10K', 'page': 104, 'status': 'DLQ', 'engine': None, 'reason': 'Fidelity Check Failed: low_entropy_garbage', 'retry_count': 0, 'error': 'None'}
2026-06-25 15:45:15,823 INFO Finished converting document page_105.pdf in 6.62 sec.
2026-06-25 15:45:15,832 ERROR {'document': '3M_2015_10K', 'page': 105, 'status': 'DLQ', 'engine': None, 'reason': 'Fidelity Check Failed: low_entropy_garbage', 'retry_count': 0, 'error': 'None'}
2026-06-25 15:45:16,673 INFO detected formats: [<InputFormat.PDF: 'pdf'>]
2026-06-25 15:45:16,673 INFO Going to convert document batch...
2026-06-25 15:45:16,673 INFO Processing document page_107.pdf
2026-06-25 15:45:17,246 INFO detected formats: [<InputFormat.PDF: 'pdf'>]
2026-06-25 15:45:17,246 INFO Going to convert document batch...
2026-06-25 15:45:17,246 INFO Processing document page_108.pdf
2026-06-25 15:45:17,318 INFO Finished converting document page_106.pdf in 5.77 sec.
2026-06-25 15:45:17,318 ERROR {'document': '3M_2015_10K', 'page': 106, 'status': 'DLQ', 'engine': None, 'reason': 'Fidelity Check Failed: low_entropy_garbage', 'retry_count': 0, 'error': 'None'}
2026-06-25 15:45:19,139 INFO detected formats: [<InputFormat.PDF: 'pdf'>]
2026-06-25 15:45:19,140 INFO Going to convert document batch...
2026-06-25 15:45:19,143 INFO Processing document page_109.pdf
2026-06-25 15:45:21,365 INFO Finished converting document page_100.pdf in 27.84 sec.
2026-06-25 15:45:21,382 ERROR {'document': '3M_2015_10K', 'page': 100, 'status': 'DLQ', 'engine': None, 'reason': 'Fidelity Check Failed: low_entropy_garbage', 'retry_count': 0, 'error': 'None'}
2026-06-25 15:45:22,862 INFO Finished converting document page_107.pdf in 6.19 sec.
2026-06-25 15:45:22,867 ERROR {'document': '3M_2015_10K', 'page': 107, 'status': 'DLQ', 'engine': None, 'reason': 'Fidelity Check Failed: low_entropy_garbage', 'retry_count': 0, 'error': 'None'}
2026-06-25 15:45:23,085 INFO Finished converting document page_108.pdf in 5.83 sec.
2026-06-25 15:45:23,085 ERROR {'document': '3M_2015_10K', 'page': 108, 'status': 'DLQ', 'engine': None, 'reason': 'Fidelity Check Failed: low_entropy_garbage', 'retry_count': 0, 'error': 'None'}
2026-06-25 15:45:23,304 INFO detected formats: [<InputFormat.PDF: 'pdf'>]
2026-06-25 15:45:23,305 INFO Going to convert document batch...
2026-06-25 15:45:23,306 INFO Processing document page_110.pdf
2026-06-25 15:45:24,449 INFO detected formats: [<InputFormat.PDF: 'pdf'>]
2026-06-25 15:45:24,449 INFO Going to convert document batch...
2026-06-25 15:45:24,449 INFO Processing document page_112.pdf
2026-06-25 15:45:24,470 INFO detected formats: [<InputFormat.PDF: 'pdf'>]
2026-06-25 15:45:24,470 INFO Going to convert document batch...
2026-06-25 15:45:24,470 INFO Processing document page_111.pdf
2026-06-25 15:45:25,391 INFO Finished converting document page_109.pdf in 6.25 sec.
2026-06-25 15:45:25,396 ERROR {'document': '3M_2015_10K', 'page': 109, 'status': 'DLQ', 'engine': None, 'reason': 'Fidelity Check Failed: low_entropy_garbage', 'retry_count': 0, 'error': 'None'}
2026-06-25 15:45:28,589 INFO detected formats: [<InputFormat.PDF: 'pdf'>]
2026-06-25 15:45:28,592 INFO Going to convert document batch...
2026-06-25 15:45:28,592 INFO Processing document page_113.pdf
2026-06-25 15:45:28,956 INFO Finished converting document page_110.pdf in 5.66 sec.
2026-06-25 15:45:28,959 ERROR {'document': '3M_2015_10K', 'page': 110, 'status': 'DLQ', 'engine': None, 'reason': 'Fidelity Check Failed: low_entropy_garbage', 'retry_count': 0, 'error': 'None'}
2026-06-25 15:45:30,159 INFO Finished converting document page_111.pdf in 5.69 sec.
2026-06-25 15:45:30,161 ERROR {'document': '3M_2015_10K', 'page': 111, 'status': 'DLQ', 'engine': None, 'reason': 'Fidelity Check Failed: low_entropy_garbage', 'retry_count': 0, 'error': 'None'}
2026-06-25 15:45:30,810 INFO detected formats: [<InputFormat.PDF: 'pdf'>]
2026-06-25 15:45:30,812 INFO Going to convert document batch...
2026-06-25 15:45:30,812 INFO Processing document page_114.pdf
2026-06-25 15:45:33,354 INFO detected formats: [<InputFormat.PDF: 'pdf'>]
2026-06-25 15:45:33,358 INFO Going to convert document batch...
2026-06-25 15:45:33,359 INFO Processing document page_115.pdf
2026-06-25 15:45:35,135 INFO Finished converting document page_112.pdf in 10.69 sec.
2026-06-25 15:45:35,140 ERROR {'document': '3M_2015_10K', 'page': 112, 'status': 'DLQ', 'engine': None, 'reason': 'Fidelity Check Failed: low_entropy_garbage', 'retry_count': 0, 'error': 'None'}
2026-06-25 15:45:38,350 INFO detected formats: [<InputFormat.PDF: 'pdf'>]
2026-06-25 15:45:38,350 INFO Going to convert document batch...
2026-06-25 15:45:38,350 INFO Processing document page_116.pdf
2026-06-25 15:45:44,132 INFO Finished converting document page_114.pdf in 13.33 sec.
2026-06-25 15:45:44,138 ERROR {'document': '3M_2015_10K', 'page': 114, 'status': 'DLQ', 'engine': None, 'reason': 'Fidelity Check Failed: low_entropy_garbage', 'retry_count': 0, 'error': 'None'}
2026-06-25 15:45:47,892 INFO detected formats: [<InputFormat.PDF: 'pdf'>]
2026-06-25 15:45:47,892 INFO Going to convert document batch...
2026-06-25 15:45:47,895 INFO Processing document page_117.pdf
2026-06-25 15:45:48,713 INFO Finished converting document page_113.pdf in 20.12 sec.
2026-06-25 15:45:48,730 ERROR {'document': '3M_2015_10K', 'page': 113, 'status': 'DLQ', 'engine': None, 'reason': 'Fidelity Check Failed: low_entropy_garbage', 'retry_count': 0, 'error': 'None'}
2026-06-25 15:45:49,695 INFO Finished converting document page_115.pdf in 16.34 sec.
2026-06-25 15:45:49,712 ERROR {'document': '3M_2015_10K', 'page': 115, 'status': 'DLQ', 'engine': None, 'reason': 'Fidelity Check Failed: low_entropy_garbage', 'retry_count': 0, 'error': 'None'}
2026-06-25 15:45:50,656 INFO detected formats: [<InputFormat.PDF: 'pdf'>]
2026-06-25 15:45:50,658 INFO Going to convert document batch...
2026-06-25 15:45:50,660 INFO Processing document page_118.pdf
2026-06-25 15:45:52,188 INFO detected formats: [<InputFormat.PDF: 'pdf'>]
2026-06-25 15:45:52,188 INFO Going to convert document batch...
2026-06-25 15:45:52,188 INFO Processing document page_119.pdf
2026-06-25 15:45:56,796 INFO Finished converting document page_118.pdf in 6.14 sec.
2026-06-25 15:45:56,800 ERROR {'document': '3M_2015_10K', 'page': 118, 'status': 'DLQ', 'engine': None, 'reason': 'Fidelity Check Failed: low_entropy_garbage', 'retry_count': 0, 'error': 'None'}
2026-06-25 15:45:57,610 INFO Finished converting document page_119.pdf in 5.42 sec.
2026-06-25 15:45:57,613 ERROR {'document': '3M_2015_10K', 'page': 119, 'status': 'DLQ', 'engine': None, 'reason': 'Fidelity Check Failed: low_entropy_garbage', 'retry_count': 0, 'error': 'None'}
2026-06-25 15:45:57,885 INFO detected formats: [<InputFormat.PDF: 'pdf'>]
2026-06-25 15:45:57,895 INFO Going to convert document batch...
2026-06-25 15:45:57,895 INFO Processing document page_120.pdf
2026-06-25 15:45:59,020 INFO detected formats: [<InputFormat.PDF: 'pdf'>]
2026-06-25 15:45:59,024 INFO Going to convert document batch...
2026-06-25 15:45:59,026 INFO Processing document page_121.pdf
2026-06-25 15:46:03,218 INFO Finished converting document page_116.pdf in 24.88 sec.
2026-06-25 15:46:03,232 ERROR {'document': '3M_2015_10K', 'page': 116, 'status': 'DLQ', 'engine': None, 'reason': 'Fidelity Check Failed: low_entropy_garbage', 'retry_count': 0, 'error': 'None'}
2026-06-25 15:46:04,960 INFO detected formats: [<InputFormat.PDF: 'pdf'>]
2026-06-25 15:46:04,960 INFO Going to convert document batch...
2026-06-25 15:46:04,960 INFO Processing document page_122.pdf
2026-06-25 15:46:08,120 INFO Finished converting document page_121.pdf in 9.11 sec.
2026-06-25 15:46:08,127 ERROR {'document': '3M_2015_10K', 'page': 121, 'status': 'DLQ', 'engine': None, 'reason': 'Fidelity Check Failed: low_entropy_garbage', 'retry_count': 0, 'error': 'None'}
2026-06-25 15:46:08,813 INFO Finished converting document page_120.pdf in 10.92 sec.
2026-06-25 15:46:08,824 ERROR {'document': '3M_2015_10K', 'page': 120, 'status': 'DLQ', 'engine': None, 'reason': 'Fidelity Check Failed: low_entropy_garbage', 'retry_count': 0, 'error': 'None'}
2026-06-25 15:46:08,855 INFO detected formats: [<InputFormat.PDF: 'pdf'>]
2026-06-25 15:46:08,858 INFO Going to convert document batch...
2026-06-25 15:46:08,858 INFO Processing document page_123.pdf
2026-06-25 15:46:09,546 INFO detected formats: [<InputFormat.PDF: 'pdf'>]
2026-06-25 15:46:09,548 INFO Going to convert document batch...
2026-06-25 15:46:09,548 INFO Processing document page_124.pdf
2026-06-25 15:46:11,343 INFO Finished converting document page_117.pdf in 23.45 sec.
2026-06-25 15:46:11,360 ERROR {'document': '3M_2015_10K', 'page': 117, 'status': 'DLQ', 'engine': None, 'reason': 'Fidelity Check Failed: low_entropy_garbage', 'retry_count': 0, 'error': 'None'}
2026-06-25 15:46:12,354 INFO detected formats: [<InputFormat.PDF: 'pdf'>]
2026-06-25 15:46:12,355 INFO Going to convert document batch...
2026-06-25 15:46:12,358 INFO Processing document page_125.pdf
2026-06-25 15:46:14,005 INFO Finished converting document page_123.pdf in 5.14 sec.
2026-06-25 15:46:14,005 ERROR {'document': '3M_2015_10K', 'page': 123, 'status': 'DLQ', 'engine': None, 'reason': 'Fidelity Check Failed: low_entropy_garbage', 'retry_count': 0, 'error': 'None'}
2026-06-25 15:46:15,479 INFO detected formats: [<InputFormat.PDF: 'pdf'>]
2026-06-25 15:46:15,481 INFO Going to convert document batch...
2026-06-25 15:46:15,483 INFO Processing document page_126.pdf
2026-06-25 15:46:17,766 INFO Finished converting document page_125.pdf in 5.41 sec.
2026-06-25 15:46:17,770 ERROR {'document': '3M_2015_10K', 'page': 125, 'status': 'DLQ', 'engine': None, 'reason': 'Fidelity Check Failed: low_entropy_garbage', 'retry_count': 0, 'error': 'None'}
2026-06-25 15:46:18,904 INFO detected formats: [<InputFormat.PDF: 'pdf'>]
2026-06-25 15:46:18,906 INFO Going to convert document batch...
2026-06-25 15:46:18,906 INFO Processing document page_127.pdf
2026-06-25 15:46:19,678 INFO Finished converting document page_124.pdf in 10.12 sec.
2026-06-25 15:46:19,682 ERROR {'document': '3M_2015_10K', 'page': 124, 'status': 'DLQ', 'engine': None, 'reason': 'Fidelity Check Failed: low_entropy_garbage', 'retry_count': 0, 'error': 'None'}
2026-06-25 15:46:21,192 INFO Finished converting document page_126.pdf in 5.70 sec.
2026-06-25 15:46:21,195 ERROR {'document': '3M_2015_10K', 'page': 126, 'status': 'DLQ', 'engine': None, 'reason': 'Fidelity Check Failed: low_entropy_garbage', 'retry_count': 0, 'error': 'None'}
2026-06-25 15:46:21,486 INFO detected formats: [<InputFormat.PDF: 'pdf'>]
2026-06-25 15:46:21,488 INFO Going to convert document batch...
2026-06-25 15:46:21,490 INFO Processing document page_128.pdf
2026-06-25 15:46:22,860 INFO detected formats: [<InputFormat.PDF: 'pdf'>]
2026-06-25 15:46:22,860 INFO Going to convert document batch...
2026-06-25 15:46:22,860 INFO Processing document page_129.pdf
2026-06-25 15:46:24,180 INFO Finished converting document page_127.pdf in 5.28 sec.
2026-06-25 15:46:24,182 ERROR {'document': '3M_2015_10K', 'page': 127, 'status': 'DLQ', 'engine': None, 'reason': 'Fidelity Check Failed: low_entropy_garbage', 'retry_count': 0, 'error': 'None'}
2026-06-25 15:46:24,514 INFO Finished converting document page_122.pdf in 19.56 sec.
2026-06-25 15:46:24,520 ERROR {'document': '3M_2015_10K', 'page': 122, 'status': 'DLQ', 'engine': None, 'reason': 'Fidelity Check Failed: low_entropy_garbage', 'retry_count': 0, 'error': 'None'}
2026-06-25 15:46:25,793 INFO detected formats: [<InputFormat.PDF: 'pdf'>]
2026-06-25 15:46:25,793 INFO Going to convert document batch...
2026-06-25 15:46:25,796 INFO Processing document page_130.pdf
2026-06-25 15:46:26,541 INFO detected formats: [<InputFormat.PDF: 'pdf'>]
2026-06-25 15:46:26,546 INFO Going to convert document batch...
2026-06-25 15:46:26,547 INFO Processing document page_131.pdf
2026-06-25 15:46:26,630 INFO Finished converting document page_128.pdf in 5.14 sec.
2026-06-25 15:46:26,634 ERROR {'document': '3M_2015_10K', 'page': 128, 'status': 'DLQ', 'engine': None, 'reason': 'Fidelity Check Failed: low_entropy_garbage', 'retry_count': 0, 'error': 'None'}
2026-06-25 15:46:27,978 INFO detected formats: [<InputFormat.PDF: 'pdf'>]
2026-06-25 15:46:27,982 INFO Going to convert document batch...
2026-06-25 15:46:27,984 INFO Processing document page_132.pdf
2026-06-25 15:46:28,087 INFO Finished converting document page_129.pdf in 5.23 sec.
2026-06-25 15:46:28,093 ERROR {'document': '3M_2015_10K', 'page': 129, 'status': 'DLQ', 'engine': None, 'reason': 'Fidelity Check Failed: low_entropy_garbage', 'retry_count': 0, 'error': 'None'}
2026-06-25 15:46:29,783 INFO detected formats: [<InputFormat.PDF: 'pdf'>]
2026-06-25 15:46:29,783 INFO Going to convert document batch...
2026-06-25 15:46:29,785 INFO Processing document page_133.pdf
2026-06-25 15:46:31,636 INFO Finished converting document page_130.pdf in 5.84 sec.
2026-06-25 15:46:31,640 ERROR {'document': '3M_2015_10K', 'page': 130, 'status': 'DLQ', 'engine': None, 'reason': 'Fidelity Check Failed: low_entropy_garbage', 'retry_count': 0, 'error': 'None'}
2026-06-25 15:46:32,348 INFO Finished converting document page_131.pdf in 5.80 sec.
2026-06-25 15:46:32,348 ERROR {'document': '3M_2015_10K', 'page': 131, 'status': 'DLQ', 'engine': None, 'reason': 'Fidelity Check Failed: low_entropy_garbage', 'retry_count': 0, 'error': 'None'}
2026-06-25 15:46:33,317 INFO detected formats: [<InputFormat.PDF: 'pdf'>]
2026-06-25 15:46:33,318 INFO Going to convert document batch...
2026-06-25 15:46:33,318 INFO Processing document page_134.pdf
2026-06-25 15:46:33,786 INFO detected formats: [<InputFormat.PDF: 'pdf'>]
2026-06-25 15:46:33,790 INFO Going to convert document batch...
2026-06-25 15:46:33,791 INFO Processing document page_135.pdf
2026-06-25 15:46:34,036 INFO Finished converting document page_132.pdf in 6.05 sec.
2026-06-25 15:46:34,041 ERROR {'document': '3M_2015_10K', 'page': 132, 'status': 'DLQ', 'engine': None, 'reason': 'Fidelity Check Failed: low_entropy_garbage', 'retry_count': 0, 'error': 'None'}
2026-06-25 15:46:36,123 INFO Finished converting document page_133.pdf in 6.34 sec.
2026-06-25 15:46:36,127 ERROR {'document': '3M_2015_10K', 'page': 133, 'status': 'DLQ', 'engine': None, 'reason': 'Fidelity Check Failed: low_entropy_garbage', 'retry_count': 0, 'error': 'None'}
2026-06-25 15:46:36,280 INFO detected formats: [<InputFormat.PDF: 'pdf'>]
2026-06-25 15:46:36,280 INFO Going to convert document batch...
2026-06-25 15:46:36,282 INFO Processing document page_136.pdf
2026-06-25 15:46:38,571 INFO detected formats: [<InputFormat.PDF: 'pdf'>]
2026-06-25 15:46:38,571 INFO Going to convert document batch...
2026-06-25 15:46:38,571 INFO Processing document page_137.pdf
2026-06-25 15:46:39,292 INFO Finished converting document page_134.pdf in 5.98 sec.
2026-06-25 15:46:39,297 ERROR {'document': '3M_2015_10K', 'page': 134, 'status': 'DLQ', 'engine': None, 'reason': 'Fidelity Check Failed: low_entropy_garbage', 'retry_count': 0, 'error': 'None'}
2026-06-25 15:46:39,875 INFO Finished converting document page_135.pdf in 6.09 sec.
2026-06-25 15:46:39,875 ERROR {'document': '3M_2015_10K', 'page': 135, 'status': 'DLQ', 'engine': None, 'reason': 'Fidelity Check Failed: low_entropy_garbage', 'retry_count': 0, 'error': 'None'}
2026-06-25 15:46:40,089 INFO detected formats: [<InputFormat.PDF: 'pdf'>]
2026-06-25 15:46:40,091 INFO Going to convert document batch...
2026-06-25 15:46:40,093 INFO Processing document page_138.pdf
2026-06-25 15:46:41,242 INFO detected formats: [<InputFormat.PDF: 'pdf'>]
2026-06-25 15:46:41,242 INFO Going to convert document batch...
2026-06-25 15:46:41,242 INFO Processing document page_139.pdf
2026-06-25 15:46:42,171 INFO Finished converting document page_136.pdf in 5.89 sec.
2026-06-25 15:46:42,177 ERROR {'document': '3M_2015_10K', 'page': 136, 'status': 'DLQ', 'engine': None, 'reason': 'Fidelity Check Failed: low_entropy_garbage', 'retry_count': 0, 'error': 'None'}
2026-06-25 15:46:43,833 INFO detected formats: [<InputFormat.PDF: 'pdf'>]
2026-06-25 15:46:43,835 INFO Going to convert document batch...
2026-06-25 15:46:43,837 INFO Processing document page_140.pdf
2026-06-25 15:46:44,433 INFO Finished converting document page_137.pdf in 5.86 sec.
2026-06-25 15:46:44,436 ERROR {'document': '3M_2015_10K', 'page': 137, 'status': 'DLQ', 'engine': None, 'reason': 'Fidelity Check Failed: low_entropy_garbage', 'retry_count': 0, 'error': 'None'}
2026-06-25 15:46:45,766 INFO detected formats: [<InputFormat.PDF: 'pdf'>]
2026-06-25 15:46:45,769 INFO Going to convert document batch...
2026-06-25 15:46:45,769 INFO Processing document page_141.pdf
2026-06-25 15:46:45,801 INFO Finished converting document page_138.pdf in 5.70 sec.
2026-06-25 15:46:45,801 ERROR {'document': '3M_2015_10K', 'page': 138, 'status': 'DLQ', 'engine': None, 'reason': 'Fidelity Check Failed: low_entropy_garbage', 'retry_count': 0, 'error': 'None'}
2026-06-25 15:46:46,979 INFO Finished converting document page_139.pdf in 5.74 sec.
2026-06-25 15:46:46,979 ERROR {'document': '3M_2015_10K', 'page': 139, 'status': 'DLQ', 'engine': None, 'reason': 'Fidelity Check Failed: low_entropy_garbage', 'retry_count': 0, 'error': 'None'}
2026-06-25 15:46:47,463 INFO detected formats: [<InputFormat.PDF: 'pdf'>]
2026-06-25 15:46:47,465 INFO Going to convert document batch...
2026-06-25 15:46:47,465 INFO Processing document page_142.pdf
2026-06-25 15:46:48,646 INFO Finished converting document page_140.pdf in 4.81 sec.
2026-06-25 15:46:48,646 ERROR {'document': '3M_2015_10K', 'page': 140, 'status': 'DLQ', 'engine': None, 'reason': 'Fidelity Check Failed: low_entropy_garbage', 'retry_count': 0, 'error': 'None'}
2026-06-25 15:46:48,684 INFO detected formats: [<InputFormat.PDF: 'pdf'>]
2026-06-25 15:46:48,687 INFO Going to convert document batch...
2026-06-25 15:46:48,687 INFO Processing document page_143.pdf
2026-06-25 15:46:50,544 INFO detected formats: [<InputFormat.PDF: 'pdf'>]
2026-06-25 15:46:50,548 INFO Going to convert document batch...
2026-06-25 15:46:50,549 INFO Processing document page_144.pdf
2026-06-25 15:46:51,087 INFO Finished converting document page_141.pdf in 5.33 sec.
2026-06-25 15:46:51,091 ERROR {'document': '3M_2015_10K', 'page': 141, 'status': 'DLQ', 'engine': None, 'reason': 'Fidelity Check Failed: low_entropy_garbage', 'retry_count': 0, 'error': 'None'}
2026-06-25 15:46:52,577 INFO detected formats: [<InputFormat.PDF: 'pdf'>]
2026-06-25 15:46:52,580 INFO Going to convert document batch...
2026-06-25 15:46:52,580 INFO Processing document page_145.pdf
2026-06-25 15:46:53,086 INFO Finished converting document page_142.pdf in 5.62 sec.
2026-06-25 15:46:53,090 ERROR {'document': '3M_2015_10K', 'page': 142, 'status': 'DLQ', 'engine': None, 'reason': 'Fidelity Check Failed: low_entropy_garbage', 'retry_count': 0, 'error': 'None'}
2026-06-25 15:46:54,332 INFO Finished converting document page_143.pdf in 5.64 sec.
2026-06-25 15:46:54,338 ERROR {'document': '3M_2015_10K', 'page': 143, 'status': 'DLQ', 'engine': None, 'reason': 'Fidelity Check Failed: low_entropy_garbage', 'retry_count': 0, 'error': 'None'}
2026-06-25 15:46:54,545 INFO detected formats: [<InputFormat.PDF: 'pdf'>]
2026-06-25 15:46:54,547 INFO Going to convert document batch...
2026-06-25 15:46:54,547 INFO Processing document page_146.pdf
2026-06-25 15:46:55,709 INFO detected formats: [<InputFormat.PDF: 'pdf'>]
2026-06-25 15:46:55,709 INFO Going to convert document batch...
2026-06-25 15:46:55,714 INFO Processing document page_147.pdf
2026-06-25 15:46:56,415 INFO Finished converting document page_144.pdf in 5.88 sec.
2026-06-25 15:46:56,419 ERROR {'document': '3M_2015_10K', 'page': 144, 'status': 'DLQ', 'engine': None, 'reason': 'Fidelity Check Failed: low_entropy_garbage', 'retry_count': 0, 'error': 'None'}
2026-06-25 15:46:57,732 INFO detected formats: [<InputFormat.PDF: 'pdf'>]
2026-06-25 15:46:57,732 INFO Going to convert document batch...
2026-06-25 15:46:57,735 INFO Processing document page_148.pdf
2026-06-25 15:46:58,704 INFO Finished converting document page_145.pdf in 6.12 sec.
2026-06-25 15:46:58,708 ERROR {'document': '3M_2015_10K', 'page': 145, 'status': 'DLQ', 'engine': None, 'reason': 'Fidelity Check Failed: low_entropy_garbage', 'retry_count': 0, 'error': 'None'}
2026-06-25 15:46:59,432 INFO detected formats: [<InputFormat.PDF: 'pdf'>]
2026-06-25 15:46:59,434 INFO Going to convert document batch...
2026-06-25 15:46:59,434 INFO Processing document page_149.pdf
2026-06-25 15:46:59,866 INFO Finished converting document page_146.pdf in 5.31 sec.
2026-06-25 15:46:59,868 ERROR {'document': '3M_2015_10K', 'page': 146, 'status': 'DLQ', 'engine': None, 'reason': 'Fidelity Check Failed: low_entropy_garbage', 'retry_count': 0, 'error': 'None'}
2026-06-25 15:47:01,318 INFO Finished converting document page_147.pdf in 5.61 sec.
2026-06-25 15:47:01,320 ERROR {'document': '3M_2015_10K', 'page': 147, 'status': 'DLQ', 'engine': None, 'reason': 'Fidelity Check Failed: low_entropy_garbage', 'retry_count': 0, 'error': 'None'}
2026-06-25 15:47:01,329 INFO detected formats: [<InputFormat.PDF: 'pdf'>]
2026-06-25 15:47:01,330 INFO Going to convert document batch...
2026-06-25 15:47:01,330 INFO Processing document page_150.pdf
2026-06-25 15:47:02,178 INFO detected formats: [<InputFormat.PDF: 'pdf'>]
2026-06-25 15:47:02,178 INFO Going to convert document batch...
2026-06-25 15:47:02,180 INFO Processing document page_151.pdf
2026-06-25 15:47:04,913 INFO Finished converting document page_149.pdf in 5.48 sec.
2026-06-25 15:47:04,916 ERROR {'document': '3M_2015_10K', 'page': 149, 'status': 'DLQ', 'engine': None, 'reason': 'Fidelity Check Failed: low_entropy_garbage', 'retry_count': 0, 'error': 'None'}
2026-06-25 15:47:05,175 INFO detected formats: [<InputFormat.PDF: 'pdf'>]
2026-06-25 15:47:05,176 INFO Going to convert document batch...
2026-06-25 15:47:05,178 INFO Processing document page_152.pdf
2026-06-25 15:47:10,602 INFO Finished converting document page_152.pdf in 5.44 sec.
2026-06-25 15:47:10,608 ERROR {'document': '3M_2015_10K', 'page': 152, 'status': 'DLQ', 'engine': None, 'reason': 'Fidelity Check Failed: low_entropy_garbage', 'retry_count': 0, 'error': 'None'}
2026-06-25 15:47:11,763 INFO detected formats: [<InputFormat.PDF: 'pdf'>]
2026-06-25 15:47:11,763 INFO Going to convert document batch...
2026-06-25 15:47:11,763 INFO Processing document page_153.pdf
2026-06-25 15:47:11,865 INFO Finished converting document page_148.pdf in 14.12 sec.
2026-06-25 15:47:11,869 ERROR {'document': '3M_2015_10K', 'page': 148, 'status': 'DLQ', 'engine': None, 'reason': 'Fidelity Check Failed: low_entropy_garbage', 'retry_count': 0, 'error': 'None'}
2026-06-25 15:47:13,234 INFO detected formats: [<InputFormat.PDF: 'pdf'>]
2026-06-25 15:47:13,236 INFO Going to convert document batch...
2026-06-25 15:47:13,238 INFO Processing document page_154.pdf
2026-06-25 15:47:17,988 INFO Finished converting document page_153.pdf in 6.22 sec.
2026-06-25 15:47:17,992 ERROR {'document': '3M_2015_10K', 'page': 153, 'status': 'DLQ', 'engine': None, 'reason': 'Fidelity Check Failed: low_entropy_garbage', 'retry_count': 0, 'error': 'None'}
2026-06-25 15:47:19,395 INFO detected formats: [<InputFormat.PDF: 'pdf'>]
2026-06-25 15:47:19,397 INFO Going to convert document batch...
2026-06-25 15:47:19,399 INFO Processing document page_155.pdf
2026-06-25 15:47:19,666 INFO Finished converting document page_154.pdf in 6.44 sec.
2026-06-25 15:47:19,670 ERROR {'document': '3M_2015_10K', 'page': 154, 'status': 'DLQ', 'engine': None, 'reason': 'Fidelity Check Failed: low_entropy_garbage', 'retry_count': 0, 'error': 'None'}
2026-06-25 15:47:20,011 INFO detected formats: [<InputFormat.PDF: 'pdf'>]
2026-06-25 15:47:20,013 INFO Going to convert document batch...
2026-06-25 15:47:20,014 INFO Processing document page_156.pdf
2026-06-25 15:47:20,230 INFO Finished converting document page_150.pdf in 18.91 sec.
2026-06-25 15:47:20,232 ERROR {'document': '3M_2015_10K', 'page': 150, 'status': 'DLQ', 'engine': None, 'reason': 'Fidelity Check Failed: low_entropy_garbage', 'retry_count': 0, 'error': 'None'}
2026-06-25 15:47:20,824 INFO detected formats: [<InputFormat.PDF: 'pdf'>]
2026-06-25 15:47:20,826 INFO Going to convert document batch...
2026-06-25 15:47:20,826 INFO Processing document page_157.pdf
2026-06-25 15:47:21,615 INFO Finished converting document page_151.pdf in 19.44 sec.
2026-06-25 15:47:21,625 ERROR {'document': '3M_2015_10K', 'page': 151, 'status': 'DLQ', 'engine': None, 'reason': 'Fidelity Check Failed: low_entropy_garbage', 'retry_count': 0, 'error': 'None'}
2026-06-25 15:47:23,178 INFO detected formats: [<InputFormat.PDF: 'pdf'>]
2026-06-25 15:47:23,180 INFO Going to convert document batch...
2026-06-25 15:47:23,184 INFO Processing document page_158.pdf
2026-06-25 15:47:25,346 INFO Finished converting document page_155.pdf in 5.95 sec.
2026-06-25 15:47:25,350 ERROR {'document': '3M_2015_10K', 'page': 155, 'status': 'DLQ', 'engine': None, 'reason': 'Fidelity Check Failed: low_entropy_garbage', 'retry_count': 0, 'error': 'None'}
2026-06-25 15:47:25,588 INFO Finished converting document page_156.pdf in 5.58 sec.
2026-06-25 15:47:25,592 ERROR {'document': '3M_2015_10K', 'page': 156, 'status': 'DLQ', 'engine': None, 'reason': 'Fidelity Check Failed: low_entropy_garbage', 'retry_count': 0, 'error': 'None'}
2026-06-25 15:47:26,098 INFO Finished converting document page_157.pdf in 5.26 sec.
2026-06-25 15:47:26,103 ERROR {'document': '3M_2015_10K', 'page': 157, 'status': 'DLQ', 'engine': None, 'reason': 'Fidelity Check Failed: low_entropy_garbage', 'retry_count': 0, 'error': 'None'}
2026-06-25 15:47:32,515 INFO Finished converting document page_158.pdf in 9.34 sec.
2026-06-25 15:47:32,520 ERROR {'document': '3M_2015_10K', 'page': 158, 'status': 'DLQ', 'engine': None, 'reason': 'Fidelity Check Failed: low_entropy_garbage', 'retry_count': 0, 'error': 'None'}
2026-06-25 15:50:06,609 INFO {'document': '3M_2015_10K', 'status': 'PROCESSING_STARTED', 'total_pages': 158}
2026-06-25 15:50:06,621 INFO {'document': '3M_2015_10K', 'page': 1, 'status': 'PAGE_STARTED'}
2026-06-25 15:50:06,633 INFO {'document': '3M_2015_10K', 'page': 2, 'status': 'PAGE_STARTED'}
2026-06-25 15:50:06,633 INFO {'document': '3M_2015_10K', 'page': 3, 'status': 'PAGE_STARTED'}
2026-06-25 15:50:06,633 INFO {'document': '3M_2015_10K', 'page': 4, 'status': 'PAGE_STARTED'}
2026-06-25 15:50:06,640 INFO {'document': '3M_2015_10K', 'page': 5, 'status': 'PAGE_STARTED'}
2026-06-25 15:50:06,640 INFO {'document': '3M_2015_10K', 'page': 6, 'status': 'PAGE_STARTED'}
2026-06-25 15:50:06,644 INFO {'document': '3M_2015_10K', 'page': 7, 'status': 'PAGE_STARTED'}
2026-06-25 15:50:06,647 INFO {'document': '3M_2015_10K', 'page': 8, 'status': 'PAGE_STARTED'}
2026-06-25 15:50:06,649 INFO {'document': '3M_2015_10K', 'page': 9, 'status': 'PAGE_STARTED'}
2026-06-25 15:50:06,650 INFO {'document': '3M_2015_10K', 'page': 10, 'status': 'PAGE_STARTED'}
2026-06-25 15:50:06,653 INFO {'document': '3M_2015_10K', 'page': 11, 'status': 'PAGE_STARTED'}
2026-06-25 15:50:06,656 INFO {'document': '3M_2015_10K', 'page': 12, 'status': 'PAGE_STARTED'}
2026-06-25 15:50:06,658 INFO {'document': '3M_2015_10K', 'page': 13, 'status': 'PAGE_STARTED'}
2026-06-25 15:50:06,660 INFO {'document': '3M_2015_10K', 'page': 14, 'status': 'PAGE_STARTED'}
2026-06-25 15:50:06,663 INFO {'document': '3M_2015_10K', 'page': 15, 'status': 'PAGE_STARTED'}
2026-06-25 15:50:06,665 INFO {'document': '3M_2015_10K', 'page': 16, 'status': 'PAGE_STARTED'}
2026-06-25 15:50:06,667 INFO {'document': '3M_2015_10K', 'page': 17, 'status': 'PAGE_STARTED'}
2026-06-25 15:50:06,670 INFO {'document': '3M_2015_10K', 'page': 18, 'status': 'PAGE_STARTED'}
2026-06-25 15:50:06,674 INFO {'document': '3M_2015_10K', 'page': 19, 'status': 'PAGE_STARTED'}
2026-06-25 15:50:06,676 INFO {'document': '3M_2015_10K', 'page': 20, 'status': 'PAGE_STARTED'}
2026-06-25 15:50:06,679 INFO {'document': '3M_2015_10K', 'page': 21, 'status': 'PAGE_STARTED'}
2026-06-25 15:50:06,681 INFO {'document': '3M_2015_10K', 'page': 22, 'status': 'PAGE_STARTED'}
2026-06-25 15:50:06,684 INFO {'document': '3M_2015_10K', 'page': 23, 'status': 'PAGE_STARTED'}
2026-06-25 15:50:06,686 INFO {'document': '3M_2015_10K', 'page': 24, 'status': 'PAGE_STARTED'}
2026-06-25 15:50:06,689 INFO {'document': '3M_2015_10K', 'page': 25, 'status': 'PAGE_STARTED'}
2026-06-25 15:50:06,691 INFO {'document': '3M_2015_10K', 'page': 26, 'status': 'PAGE_STARTED'}
2026-06-25 15:50:06,695 INFO {'document': '3M_2015_10K', 'page': 27, 'status': 'PAGE_STARTED'}
2026-06-25 15:50:06,697 INFO {'document': '3M_2015_10K', 'page': 28, 'status': 'PAGE_STARTED'}
2026-06-25 15:50:06,699 INFO {'document': '3M_2015_10K', 'page': 29, 'status': 'PAGE_STARTED'}
2026-06-25 15:50:06,702 INFO {'document': '3M_2015_10K', 'page': 30, 'status': 'PAGE_STARTED'}
2026-06-25 15:50:06,704 INFO {'document': '3M_2015_10K', 'page': 31, 'status': 'PAGE_STARTED'}
2026-06-25 15:50:06,707 INFO {'document': '3M_2015_10K', 'page': 32, 'status': 'PAGE_STARTED'}
2026-06-25 15:50:06,709 INFO {'document': '3M_2015_10K', 'page': 33, 'status': 'PAGE_STARTED'}
2026-06-25 15:50:06,712 INFO {'document': '3M_2015_10K', 'page': 34, 'status': 'PAGE_STARTED'}
2026-06-25 15:50:06,715 INFO {'document': '3M_2015_10K', 'page': 35, 'status': 'PAGE_STARTED'}
2026-06-25 15:50:06,718 INFO {'document': '3M_2015_10K', 'page': 36, 'status': 'PAGE_STARTED'}
2026-06-25 15:50:06,720 INFO {'document': '3M_2015_10K', 'page': 37, 'status': 'PAGE_STARTED'}
2026-06-25 15:50:06,721 INFO {'document': '3M_2015_10K', 'page': 38, 'status': 'PAGE_STARTED'}
2026-06-25 15:50:06,721 INFO {'document': '3M_2015_10K', 'page': 39, 'status': 'PAGE_STARTED'}
2026-06-25 15:50:06,724 INFO {'document': '3M_2015_10K', 'page': 40, 'status': 'PAGE_STARTED'}
2026-06-25 15:50:06,727 INFO {'document': '3M_2015_10K', 'page': 41, 'status': 'PAGE_STARTED'}
2026-06-25 15:50:06,727 INFO {'document': '3M_2015_10K', 'page': 42, 'status': 'PAGE_STARTED'}
2026-06-25 15:50:06,727 INFO {'document': '3M_2015_10K', 'page': 43, 'status': 'PAGE_STARTED'}
2026-06-25 15:50:06,727 INFO {'document': '3M_2015_10K', 'page': 44, 'status': 'PAGE_STARTED'}
2026-06-25 15:50:06,735 INFO {'document': '3M_2015_10K', 'page': 45, 'status': 'PAGE_STARTED'}
2026-06-25 15:50:06,735 INFO {'document': '3M_2015_10K', 'page': 46, 'status': 'PAGE_STARTED'}
2026-06-25 15:50:06,742 INFO {'document': '3M_2015_10K', 'page': 47, 'status': 'PAGE_STARTED'}
2026-06-25 15:50:06,745 INFO {'document': '3M_2015_10K', 'page': 48, 'status': 'PAGE_STARTED'}
2026-06-25 15:50:06,747 INFO {'document': '3M_2015_10K', 'page': 49, 'status': 'PAGE_STARTED'}
2026-06-25 15:50:06,748 INFO {'document': '3M_2015_10K', 'page': 50, 'status': 'PAGE_STARTED'}
2026-06-25 15:50:06,748 INFO {'document': '3M_2015_10K', 'page': 51, 'status': 'PAGE_STARTED'}
2026-06-25 15:50:06,752 INFO {'document': '3M_2015_10K', 'page': 52, 'status': 'PAGE_STARTED'}
2026-06-25 15:50:06,752 INFO {'document': '3M_2015_10K', 'page': 53, 'status': 'PAGE_STARTED'}
2026-06-25 15:50:06,755 INFO {'document': '3M_2015_10K', 'page': 54, 'status': 'PAGE_STARTED'}
2026-06-25 15:50:06,755 INFO {'document': '3M_2015_10K', 'page': 55, 'status': 'PAGE_STARTED'}
2026-06-25 15:50:06,759 INFO {'document': '3M_2015_10K', 'page': 56, 'status': 'PAGE_STARTED'}
2026-06-25 15:50:06,761 INFO {'document': '3M_2015_10K', 'page': 57, 'status': 'PAGE_STARTED'}
2026-06-25 15:50:06,763 INFO {'document': '3M_2015_10K', 'page': 58, 'status': 'PAGE_STARTED'}
2026-06-25 15:50:06,764 INFO {'document': '3M_2015_10K', 'page': 59, 'status': 'PAGE_STARTED'}
2026-06-25 15:50:06,767 INFO {'document': '3M_2015_10K', 'page': 60, 'status': 'PAGE_STARTED'}
2026-06-25 15:50:06,768 INFO {'document': '3M_2015_10K', 'page': 61, 'status': 'PAGE_STARTED'}
2026-06-25 15:50:06,770 INFO {'document': '3M_2015_10K', 'page': 62, 'status': 'PAGE_STARTED'}
2026-06-25 15:50:06,771 INFO {'document': '3M_2015_10K', 'page': 63, 'status': 'PAGE_STARTED'}
2026-06-25 15:50:06,773 INFO {'document': '3M_2015_10K', 'page': 64, 'status': 'PAGE_STARTED'}
2026-06-25 15:50:06,775 INFO {'document': '3M_2015_10K', 'page': 65, 'status': 'PAGE_STARTED'}
2026-06-25 15:50:06,776 INFO {'document': '3M_2015_10K', 'page': 66, 'status': 'PAGE_STARTED'}
2026-06-25 15:50:06,778 INFO {'document': '3M_2015_10K', 'page': 67, 'status': 'PAGE_STARTED'}
2026-06-25 15:50:06,780 INFO {'document': '3M_2015_10K', 'page': 68, 'status': 'PAGE_STARTED'}
2026-06-25 15:50:06,782 INFO {'document': '3M_2015_10K', 'page': 69, 'status': 'PAGE_STARTED'}
2026-06-25 15:50:06,783 INFO {'document': '3M_2015_10K', 'page': 70, 'status': 'PAGE_STARTED'}
2026-06-25 15:50:06,785 INFO {'document': '3M_2015_10K', 'page': 71, 'status': 'PAGE_STARTED'}
2026-06-25 15:50:06,787 INFO {'document': '3M_2015_10K', 'page': 72, 'status': 'PAGE_STARTED'}
2026-06-25 15:50:06,788 INFO {'document': '3M_2015_10K', 'page': 73, 'status': 'PAGE_STARTED'}
2026-06-25 15:50:06,789 INFO {'document': '3M_2015_10K', 'page': 74, 'status': 'PAGE_STARTED'}
2026-06-25 15:50:06,790 INFO {'document': '3M_2015_10K', 'page': 75, 'status': 'PAGE_STARTED'}
2026-06-25 15:50:06,792 INFO {'document': '3M_2015_10K', 'page': 76, 'status': 'PAGE_STARTED'}
2026-06-25 15:50:06,798 INFO {'document': '3M_2015_10K', 'page': 77, 'status': 'PAGE_STARTED'}
2026-06-25 15:50:06,799 INFO {'document': '3M_2015_10K', 'page': 78, 'status': 'PAGE_STARTED'}
2026-06-25 15:50:06,801 INFO {'document': '3M_2015_10K', 'page': 79, 'status': 'PAGE_STARTED'}
2026-06-25 15:50:06,802 INFO {'document': '3M_2015_10K', 'page': 80, 'status': 'PAGE_STARTED'}
2026-06-25 15:50:06,805 INFO {'document': '3M_2015_10K', 'page': 81, 'status': 'PAGE_STARTED'}
2026-06-25 15:50:06,806 INFO {'document': '3M_2015_10K', 'page': 82, 'status': 'PAGE_STARTED'}
2026-06-25 15:50:06,807 INFO {'document': '3M_2015_10K', 'page': 83, 'status': 'PAGE_STARTED'}
2026-06-25 15:50:06,808 INFO {'document': '3M_2015_10K', 'page': 84, 'status': 'PAGE_STARTED'}
2026-06-25 15:50:06,810 INFO {'document': '3M_2015_10K', 'page': 85, 'status': 'PAGE_STARTED'}
2026-06-25 15:50:06,810 INFO {'document': '3M_2015_10K', 'page': 86, 'status': 'PAGE_STARTED'}
2026-06-25 15:50:06,810 INFO {'document': '3M_2015_10K', 'page': 87, 'status': 'PAGE_STARTED'}
2026-06-25 15:50:06,810 INFO {'document': '3M_2015_10K', 'page': 88, 'status': 'PAGE_STARTED'}
2026-06-25 15:50:06,810 INFO {'document': '3M_2015_10K', 'page': 89, 'status': 'PAGE_STARTED'}
2026-06-25 15:50:06,818 INFO {'document': '3M_2015_10K', 'page': 90, 'status': 'PAGE_STARTED'}
2026-06-25 15:50:06,820 INFO {'document': '3M_2015_10K', 'page': 91, 'status': 'PAGE_STARTED'}
2026-06-25 15:50:06,820 INFO {'document': '3M_2015_10K', 'page': 92, 'status': 'PAGE_STARTED'}
2026-06-25 15:50:06,823 INFO {'document': '3M_2015_10K', 'page': 93, 'status': 'PAGE_STARTED'}
2026-06-25 15:50:06,825 INFO {'document': '3M_2015_10K', 'page': 94, 'status': 'PAGE_STARTED'}
2026-06-25 15:50:06,826 INFO {'document': '3M_2015_10K', 'page': 95, 'status': 'PAGE_STARTED'}
2026-06-25 15:50:06,828 INFO {'document': '3M_2015_10K', 'page': 96, 'status': 'PAGE_STARTED'}
2026-06-25 15:50:06,828 INFO {'document': '3M_2015_10K', 'page': 97, 'status': 'PAGE_STARTED'}
2026-06-25 15:50:06,828 INFO {'document': '3M_2015_10K', 'page': 98, 'status': 'PAGE_STARTED'}
2026-06-25 15:50:06,828 INFO {'document': '3M_2015_10K', 'page': 99, 'status': 'PAGE_STARTED'}
2026-06-25 15:50:06,828 INFO {'document': '3M_2015_10K', 'page': 100, 'status': 'PAGE_STARTED'}
2026-06-25 15:50:06,836 INFO {'document': '3M_2015_10K', 'page': 101, 'status': 'PAGE_STARTED'}
2026-06-25 15:50:06,836 INFO {'document': '3M_2015_10K', 'page': 102, 'status': 'PAGE_STARTED'}
2026-06-25 15:50:06,839 INFO {'document': '3M_2015_10K', 'page': 103, 'status': 'PAGE_STARTED'}
2026-06-25 15:50:06,841 INFO {'document': '3M_2015_10K', 'page': 104, 'status': 'PAGE_STARTED'}
2026-06-25 15:50:06,841 INFO {'document': '3M_2015_10K', 'page': 105, 'status': 'PAGE_STARTED'}
2026-06-25 15:50:06,841 INFO {'document': '3M_2015_10K', 'page': 106, 'status': 'PAGE_STARTED'}
2026-06-25 15:50:06,841 INFO {'document': '3M_2015_10K', 'page': 107, 'status': 'PAGE_STARTED'}
2026-06-25 15:50:06,841 INFO {'document': '3M_2015_10K', 'page': 108, 'status': 'PAGE_STARTED'}
2026-06-25 15:50:06,841 INFO {'document': '3M_2015_10K', 'page': 109, 'status': 'PAGE_STARTED'}
2026-06-25 15:50:06,849 INFO {'document': '3M_2015_10K', 'page': 110, 'status': 'PAGE_STARTED'}
2026-06-25 15:50:06,849 INFO {'document': '3M_2015_10K', 'page': 111, 'status': 'PAGE_STARTED'}
2026-06-25 15:50:06,851 INFO {'document': '3M_2015_10K', 'page': 112, 'status': 'PAGE_STARTED'}
2026-06-25 15:50:06,851 INFO {'document': '3M_2015_10K', 'page': 113, 'status': 'PAGE_STARTED'}
2026-06-25 15:50:06,851 INFO {'document': '3M_2015_10K', 'page': 114, 'status': 'PAGE_STARTED'}
2026-06-25 15:50:06,857 INFO {'document': '3M_2015_10K', 'page': 115, 'status': 'PAGE_STARTED'}
2026-06-25 15:50:06,857 INFO {'document': '3M_2015_10K', 'page': 116, 'status': 'PAGE_STARTED'}
2026-06-25 15:50:06,859 INFO {'document': '3M_2015_10K', 'page': 117, 'status': 'PAGE_STARTED'}
2026-06-25 15:50:06,859 INFO {'document': '3M_2015_10K', 'page': 118, 'status': 'PAGE_STARTED'}
2026-06-25 15:50:06,859 INFO {'document': '3M_2015_10K', 'page': 119, 'status': 'PAGE_STARTED'}
2026-06-25 15:50:06,859 INFO {'document': '3M_2015_10K', 'page': 120, 'status': 'PAGE_STARTED'}
2026-06-25 15:50:06,859 INFO {'document': '3M_2015_10K', 'page': 121, 'status': 'PAGE_STARTED'}
2026-06-25 15:50:06,859 INFO {'document': '3M_2015_10K', 'page': 122, 'status': 'PAGE_STARTED'}
2026-06-25 15:50:06,869 INFO {'document': '3M_2015_10K', 'page': 123, 'status': 'PAGE_STARTED'}
2026-06-25 15:50:06,869 INFO {'document': '3M_2015_10K', 'page': 124, 'status': 'PAGE_STARTED'}
2026-06-25 15:50:06,873 INFO {'document': '3M_2015_10K', 'page': 125, 'status': 'PAGE_STARTED'}
2026-06-25 15:50:06,873 INFO {'document': '3M_2015_10K', 'page': 126, 'status': 'PAGE_STARTED'}
2026-06-25 15:50:06,873 INFO {'document': '3M_2015_10K', 'page': 127, 'status': 'PAGE_STARTED'}
2026-06-25 15:50:06,873 INFO {'document': '3M_2015_10K', 'page': 128, 'status': 'PAGE_STARTED'}
2026-06-25 15:50:06,873 INFO {'document': '3M_2015_10K', 'page': 129, 'status': 'PAGE_STARTED'}
2026-06-25 15:50:06,880 INFO {'document': '3M_2015_10K', 'page': 130, 'status': 'PAGE_STARTED'}
2026-06-25 15:50:06,880 INFO {'document': '3M_2015_10K', 'page': 131, 'status': 'PAGE_STARTED'}
2026-06-25 15:50:06,883 INFO {'document': '3M_2015_10K', 'page': 132, 'status': 'PAGE_STARTED'}
2026-06-25 15:50:06,883 INFO {'document': '3M_2015_10K', 'page': 133, 'status': 'PAGE_STARTED'}
2026-06-25 15:50:06,883 INFO {'document': '3M_2015_10K', 'page': 134, 'status': 'PAGE_STARTED'}
2026-06-25 15:50:06,883 INFO {'document': '3M_2015_10K', 'page': 135, 'status': 'PAGE_STARTED'}
2026-06-25 15:50:06,888 INFO {'document': '3M_2015_10K', 'page': 136, 'status': 'PAGE_STARTED'}
2026-06-25 15:50:06,890 INFO {'document': '3M_2015_10K', 'page': 137, 'status': 'PAGE_STARTED'}
2026-06-25 15:50:06,890 INFO {'document': '3M_2015_10K', 'page': 138, 'status': 'PAGE_STARTED'}
2026-06-25 15:50:06,890 INFO {'document': '3M_2015_10K', 'page': 139, 'status': 'PAGE_STARTED'}
2026-06-25 15:50:06,890 INFO {'document': '3M_2015_10K', 'page': 140, 'status': 'PAGE_STARTED'}
2026-06-25 15:50:06,890 INFO {'document': '3M_2015_10K', 'page': 141, 'status': 'PAGE_STARTED'}
2026-06-25 15:50:06,890 INFO {'document': '3M_2015_10K', 'page': 142, 'status': 'PAGE_STARTED'}
2026-06-25 15:50:06,890 INFO {'document': '3M_2015_10K', 'page': 143, 'status': 'PAGE_STARTED'}
2026-06-25 15:50:06,900 INFO {'document': '3M_2015_10K', 'page': 144, 'status': 'PAGE_STARTED'}
2026-06-25 15:50:06,900 INFO {'document': '3M_2015_10K', 'page': 145, 'status': 'PAGE_STARTED'}
2026-06-25 15:50:06,900 INFO {'document': '3M_2015_10K', 'page': 146, 'status': 'PAGE_STARTED'}
2026-06-25 15:50:06,904 INFO {'document': '3M_2015_10K', 'page': 147, 'status': 'PAGE_STARTED'}
2026-06-25 15:50:06,904 INFO {'document': '3M_2015_10K', 'page': 148, 'status': 'PAGE_STARTED'}
2026-06-25 15:50:06,904 INFO {'document': '3M_2015_10K', 'page': 149, 'status': 'PAGE_STARTED'}
2026-06-25 15:50:06,904 INFO {'document': '3M_2015_10K', 'page': 150, 'status': 'PAGE_STARTED'}
2026-06-25 15:50:06,911 INFO {'document': '3M_2015_10K', 'page': 151, 'status': 'PAGE_STARTED'}
2026-06-25 15:50:06,911 INFO {'document': '3M_2015_10K', 'page': 152, 'status': 'PAGE_STARTED'}
2026-06-25 15:50:06,911 INFO {'document': '3M_2015_10K', 'page': 153, 'status': 'PAGE_STARTED'}
2026-06-25 15:50:06,915 INFO {'document': '3M_2015_10K', 'page': 154, 'status': 'PAGE_STARTED'}
2026-06-25 15:50:06,915 INFO {'document': '3M_2015_10K', 'page': 155, 'status': 'PAGE_STARTED'}
2026-06-25 15:50:06,915 INFO {'document': '3M_2015_10K', 'page': 156, 'status': 'PAGE_STARTED'}
2026-06-25 15:50:06,915 INFO {'document': '3M_2015_10K', 'page': 157, 'status': 'PAGE_STARTED'}
2026-06-25 15:50:06,921 INFO {'document': '3M_2015_10K', 'page': 158, 'status': 'PAGE_STARTED'}
2026-06-25 15:50:39,696 INFO detected formats: [<InputFormat.PDF: 'pdf'>]
2026-06-25 15:50:39,839 INFO Going to convert document batch...
2026-06-25 15:50:39,840 INFO Initializing pipeline for StandardPdfPipeline with options hash 535234bd6bb69c9e5b7f13b6eb220249
2026-06-25 15:50:39,991 INFO Loading plugin 'docling_defaults'
2026-06-25 15:50:40,001 INFO Registered picture descriptions: ['picture_description_vlm_engine', 'vlm', 'api']
2026-06-25 15:50:40,150 INFO Loading plugin 'docling_defaults'
2026-06-25 15:50:40,166 INFO Registered ocr engines: ['auto', 'easyocr', 'ocrmac', 'rapidocr', 'tesserocr', 'tesseract']
2026-06-25 15:50:40,259 INFO detected formats: [<InputFormat.PDF: 'pdf'>]
2026-06-25 15:50:40,287 INFO Loading plugin 'docling_defaults'
2026-06-25 15:50:40,299 INFO Registered layout engines: ['layout_object_detection', 'docling_layout_default', 'docling_experimental_table_crops_layout']
2026-06-25 15:50:40,322 INFO Accelerator device: 'cpu'
2026-06-25 15:50:40,400 INFO Going to convert document batch...
2026-06-25 15:50:40,400 INFO Initializing pipeline for StandardPdfPipeline with options hash 535234bd6bb69c9e5b7f13b6eb220249
2026-06-25 15:50:40,557 INFO detected formats: [<InputFormat.PDF: 'pdf'>]
2026-06-25 15:50:40,560 INFO Loading plugin 'docling_defaults'
2026-06-25 15:50:40,571 INFO Registered picture descriptions: ['picture_description_vlm_engine', 'vlm', 'api']
2026-06-25 15:50:40,864 INFO Loading plugin 'docling_defaults'
2026-06-25 15:50:40,894 INFO Registered ocr engines: ['auto', 'easyocr', 'ocrmac', 'rapidocr', 'tesserocr', 'tesseract']
2026-06-25 15:50:40,900 INFO Going to convert document batch...
2026-06-25 15:50:40,900 INFO Initializing pipeline for StandardPdfPipeline with options hash 535234bd6bb69c9e5b7f13b6eb220249
2026-06-25 15:50:41,078 INFO Loading plugin 'docling_defaults'
2026-06-25 15:50:41,078 INFO Loading plugin 'docling_defaults'
2026-06-25 15:50:41,096 INFO Registered picture descriptions: ['picture_description_vlm_engine', 'vlm', 'api']
2026-06-25 15:50:41,096 INFO Registered layout engines: ['layout_object_detection', 'docling_layout_default', 'docling_experimental_table_crops_layout']
2026-06-25 15:50:41,122 INFO Accelerator device: 'cpu'
2026-06-25 15:50:41,240 INFO Loading plugin 'docling_defaults'
2026-06-25 15:50:41,254 INFO Registered ocr engines: ['auto', 'easyocr', 'ocrmac', 'rapidocr', 'tesserocr', 'tesseract']
2026-06-25 15:50:41,280 INFO detected formats: [<InputFormat.PDF: 'pdf'>]
2026-06-25 15:50:41,395 INFO Loading plugin 'docling_defaults'
2026-06-25 15:50:41,406 INFO Registered layout engines: ['layout_object_detection', 'docling_layout_default', 'docling_experimental_table_crops_layout']
2026-06-25 15:50:41,427 INFO Accelerator device: 'cpu'
2026-06-25 15:50:41,432 INFO Going to convert document batch...
2026-06-25 15:50:41,432 INFO Initializing pipeline for StandardPdfPipeline with options hash 535234bd6bb69c9e5b7f13b6eb220249
2026-06-25 15:50:41,563 INFO Loading plugin 'docling_defaults'
2026-06-25 15:50:41,572 INFO Registered picture descriptions: ['picture_description_vlm_engine', 'vlm', 'api']
2026-06-25 15:50:41,719 INFO Loading plugin 'docling_defaults'
2026-06-25 15:50:41,737 INFO Registered ocr engines: ['auto', 'easyocr', 'ocrmac', 'rapidocr', 'tesserocr', 'tesseract']
2026-06-25 15:50:41,908 INFO Loading plugin 'docling_defaults'
2026-06-25 15:50:41,921 INFO Registered layout engines: ['layout_object_detection', 'docling_layout_default', 'docling_experimental_table_crops_layout']
2026-06-25 15:50:41,947 INFO Accelerator device: 'cpu'
2026-06-25 15:50:42,840 INFO Loading plugin 'docling_defaults'
2026-06-25 15:50:42,845 INFO Registered table structure engines: ['docling_tableformer', 'docling_tableformer_v2']
2026-06-25 15:50:43,194 INFO Accelerator device: 'cpu'
2026-06-25 15:50:43,279 INFO Loading plugin 'docling_defaults'
2026-06-25 15:50:43,283 INFO Registered table structure engines: ['docling_tableformer', 'docling_tableformer_v2']
2026-06-25 15:50:43,627 INFO Loading plugin 'docling_defaults'
2026-06-25 15:50:43,633 INFO Accelerator device: 'cpu'
2026-06-25 15:50:43,633 INFO Registered table structure engines: ['docling_tableformer', 'docling_tableformer_v2']
2026-06-25 15:50:43,957 INFO Accelerator device: 'cpu'
2026-06-25 15:50:43,985 INFO Processing document page_2.pdf
2026-06-25 15:50:44,117 INFO Loading plugin 'docling_defaults'
2026-06-25 15:50:44,123 INFO Registered table structure engines: ['docling_tableformer', 'docling_tableformer_v2']
2026-06-25 15:50:44,480 INFO Accelerator device: 'cpu'
2026-06-25 15:50:44,529 INFO Processing document page_3.pdf
2026-06-25 15:50:44,855 INFO Processing document page_1.pdf
2026-06-25 15:50:45,448 INFO Processing document page_4.pdf
2026-06-25 15:50:52,404 INFO Finished converting document page_3.pdf in 12.14 sec.
2026-06-25 15:50:52,671 INFO Finished converting document page_1.pdf in 12.11 sec.
2026-06-25 15:50:53,465 INFO Finished converting document page_4.pdf in 12.19 sec.
2026-06-25 15:50:55,293 INFO detected formats: [<InputFormat.PDF: 'pdf'>]
2026-06-25 15:50:55,296 INFO Going to convert document batch...
2026-06-25 15:50:55,297 INFO Initializing pipeline for StandardPdfPipeline with options hash c68738c51fbd2866ae1d23dcd3465e1a
2026-06-25 15:50:55,298 INFO Accelerator device: 'cpu'
2026-06-25 15:50:55,455 INFO detected formats: [<InputFormat.PDF: 'pdf'>]
2026-06-25 15:50:55,458 INFO Going to convert document batch...
2026-06-25 15:50:55,459 INFO Initializing pipeline for StandardPdfPipeline with options hash c68738c51fbd2866ae1d23dcd3465e1a
2026-06-25 15:50:55,460 INFO Accelerator device: 'cpu'
2026-06-25 15:50:56,265 INFO detected formats: [<InputFormat.PDF: 'pdf'>]
2026-06-25 15:50:56,267 INFO Going to convert document batch...
2026-06-25 15:50:56,267 INFO Initializing pipeline for StandardPdfPipeline with options hash c68738c51fbd2866ae1d23dcd3465e1a
2026-06-25 15:50:56,267 INFO Accelerator device: 'cpu'
2026-06-25 15:50:56,853 INFO Accelerator device: 'cpu'
2026-06-25 15:50:56,916 INFO Accelerator device: 'cpu'
2026-06-25 15:50:57,616 INFO Accelerator device: 'cpu'
2026-06-25 15:50:57,825 INFO Processing document page_5.pdf
2026-06-25 15:50:57,890 INFO Processing document page_6.pdf
2026-06-25 15:50:58,623 INFO Processing document page_7.pdf
2026-06-25 15:51:00,372 INFO Finished converting document page_2.pdf in 20.67 sec.
2026-06-25 15:51:03,227 INFO detected formats: [<InputFormat.PDF: 'pdf'>]
2026-06-25 15:51:03,230 INFO Going to convert document batch...
2026-06-25 15:51:03,230 INFO Initializing pipeline for StandardPdfPipeline with options hash c68738c51fbd2866ae1d23dcd3465e1a
2026-06-25 15:51:03,230 INFO Accelerator device: 'cpu'
2026-06-25 15:51:05,116 INFO Accelerator device: 'cpu'
2026-06-25 15:51:05,844 INFO Finished converting document page_5.pdf in 10.55 sec.
2026-06-25 15:51:06,147 INFO Finished converting document page_6.pdf in 10.69 sec.
2026-06-25 15:51:06,328 INFO Processing document page_8.pdf
2026-06-25 15:51:07,630 INFO detected formats: [<InputFormat.PDF: 'pdf'>]
2026-06-25 15:51:07,633 INFO Going to convert document batch...
2026-06-25 15:51:07,633 INFO Processing document page_9.pdf
2026-06-25 15:51:08,259 INFO detected formats: [<InputFormat.PDF: 'pdf'>]
2026-06-25 15:51:08,259 INFO Going to convert document batch...
2026-06-25 15:51:08,259 INFO Processing document page_10.pdf
2026-06-25 15:51:12,116 INFO Finished converting document page_7.pdf in 15.84 sec.
2026-06-25 15:51:13,921 INFO Finished converting document page_9.pdf in 6.30 sec.
2026-06-25 15:51:14,084 INFO detected formats: [<InputFormat.PDF: 'pdf'>]
2026-06-25 15:51:14,086 INFO Going to convert document batch...
2026-06-25 15:51:14,087 INFO Processing document page_11.pdf
2026-06-25 15:51:14,543 INFO detected formats: [<InputFormat.PDF: 'pdf'>]
2026-06-25 15:51:14,545 INFO Going to convert document batch...
2026-06-25 15:51:14,545 INFO Processing document page_12.pdf
2026-06-25 15:51:14,597 INFO Finished converting document page_10.pdf in 6.33 sec.
2026-06-25 15:51:16,067 INFO detected formats: [<InputFormat.PDF: 'pdf'>]
2026-06-25 15:51:16,069 INFO Going to convert document batch...
2026-06-25 15:51:16,070 INFO Processing document page_13.pdf
2026-06-25 15:51:19,411 INFO Finished converting document page_8.pdf in 16.17 sec.
2026-06-25 15:51:19,782 INFO Finished converting document page_12.pdf in 5.24 sec.
2026-06-25 15:51:19,927 INFO Finished converting document page_11.pdf in 5.84 sec.
2026-06-25 15:51:21,163 INFO detected formats: [<InputFormat.PDF: 'pdf'>]
2026-06-25 15:51:21,165 INFO Going to convert document batch...
2026-06-25 15:51:21,165 INFO Processing document page_14.pdf
2026-06-25 15:51:21,356 INFO detected formats: [<InputFormat.PDF: 'pdf'>]
2026-06-25 15:51:21,358 INFO Going to convert document batch...
2026-06-25 15:51:21,358 INFO Processing document page_15.pdf
2026-06-25 15:51:21,361 INFO detected formats: [<InputFormat.PDF: 'pdf'>]
2026-06-25 15:51:21,362 INFO Going to convert document batch...
2026-06-25 15:51:21,363 INFO Processing document page_16.pdf
2026-06-25 15:51:26,755 INFO Finished converting document page_13.pdf in 10.69 sec.
2026-06-25 15:51:29,175 INFO detected formats: [<InputFormat.PDF: 'pdf'>]
2026-06-25 15:51:29,176 INFO Going to convert document batch...
2026-06-25 15:51:29,177 INFO Processing document page_17.pdf
2026-06-25 15:51:33,054 INFO Finished converting document page_16.pdf in 11.70 sec.
2026-06-25 15:51:34,763 INFO detected formats: [<InputFormat.PDF: 'pdf'>]
2026-06-25 15:51:34,766 INFO Going to convert document batch...
2026-06-25 15:51:34,767 INFO Processing document page_18.pdf
2026-06-25 15:51:36,213 INFO Finished converting document page_15.pdf in 14.86 sec.
2026-06-25 15:51:36,775 INFO Finished converting document page_17.pdf in 7.61 sec.
2026-06-25 15:51:37,638 INFO Finished converting document page_14.pdf in 16.48 sec.
2026-06-25 15:51:38,021 INFO detected formats: [<InputFormat.PDF: 'pdf'>]
2026-06-25 15:51:38,023 INFO Going to convert document batch...
2026-06-25 15:51:38,024 INFO Processing document page_20.pdf
2026-06-25 15:51:39,209 INFO detected formats: [<InputFormat.PDF: 'pdf'>]
2026-06-25 15:51:39,211 INFO Going to convert document batch...
2026-06-25 15:51:39,213 INFO Processing document page_19.pdf
2026-06-25 15:51:40,048 INFO detected formats: [<InputFormat.PDF: 'pdf'>]
2026-06-25 15:51:40,050 INFO Going to convert document batch...
2026-06-25 15:51:40,051 INFO Processing document page_21.pdf
2026-06-25 15:51:40,126 INFO Finished converting document page_18.pdf in 5.36 sec.
2026-06-25 15:51:42,866 INFO detected formats: [<InputFormat.PDF: 'pdf'>]
2026-06-25 15:51:42,868 INFO Going to convert document batch...
2026-06-25 15:51:42,870 INFO Processing document page_22.pdf
2026-06-25 15:51:44,073 INFO Finished converting document page_20.pdf in 6.06 sec.
2026-06-25 15:51:46,206 INFO detected formats: [<InputFormat.PDF: 'pdf'>]
2026-06-25 15:51:46,209 INFO Going to convert document batch...
2026-06-25 15:51:46,210 INFO Processing document page_23.pdf
2026-06-25 15:51:54,063 INFO Finished converting document page_22.pdf in 11.20 sec.
2026-06-25 15:51:56,242 INFO detected formats: [<InputFormat.PDF: 'pdf'>]
2026-06-25 15:51:56,245 INFO Going to convert document batch...
2026-06-25 15:51:56,245 INFO Processing document page_24.pdf
2026-06-25 15:51:58,023 INFO Finished converting document page_19.pdf in 18.83 sec.
2026-06-25 15:51:59,490 INFO detected formats: [<InputFormat.PDF: 'pdf'>]
2026-06-25 15:51:59,492 INFO Going to convert document batch...
2026-06-25 15:51:59,494 INFO Processing document page_25.pdf
2026-06-25 15:52:01,805 INFO Finished converting document page_21.pdf in 21.77 sec.
2026-06-25 15:52:03,087 INFO Finished converting document page_23.pdf in 16.89 sec.
2026-06-25 15:52:03,810 INFO detected formats: [<InputFormat.PDF: 'pdf'>]
2026-06-25 15:52:03,813 INFO Going to convert document batch...
2026-06-25 15:52:03,813 INFO Processing document page_26.pdf
2026-06-25 15:52:05,248 INFO detected formats: [<InputFormat.PDF: 'pdf'>]
2026-06-25 15:52:05,253 INFO Going to convert document batch...
2026-06-25 15:52:05,258 INFO Processing document page_27.pdf
2026-06-25 15:52:07,876 INFO Finished converting document page_24.pdf in 11.64 sec.
2026-06-25 15:52:09,140 INFO Finished converting document page_25.pdf in 9.66 sec.
2026-06-25 15:52:09,369 INFO detected formats: [<InputFormat.PDF: 'pdf'>]
2026-06-25 15:52:09,369 INFO Going to convert document batch...
2026-06-25 15:52:09,369 INFO Processing document page_28.pdf
2026-06-25 15:52:10,174 INFO detected formats: [<InputFormat.PDF: 'pdf'>]
2026-06-25 15:52:10,174 INFO Going to convert document batch...
2026-06-25 15:52:10,176 INFO Processing document page_29.pdf
2026-06-25 15:52:14,818 INFO Finished converting document page_26.pdf in 11.00 sec.
2026-06-25 15:52:16,123 INFO Finished converting document page_29.pdf in 5.95 sec.
2026-06-25 15:52:16,436 INFO Finished converting document page_27.pdf in 11.19 sec.
2026-06-25 15:52:16,613 INFO detected formats: [<InputFormat.PDF: 'pdf'>]
2026-06-25 15:52:16,615 INFO Going to convert document batch...
2026-06-25 15:52:16,616 INFO Processing document page_30.pdf
2026-06-25 15:52:17,679 INFO detected formats: [<InputFormat.PDF: 'pdf'>]
2026-06-25 15:52:17,681 INFO Going to convert document batch...
2026-06-25 15:52:17,681 INFO Processing document page_32.pdf
2026-06-25 15:52:17,774 INFO detected formats: [<InputFormat.PDF: 'pdf'>]
2026-06-25 15:52:17,774 INFO Going to convert document batch...
2026-06-25 15:52:17,774 INFO Processing document page_31.pdf
2026-06-25 15:52:20,328 INFO Finished converting document page_28.pdf in 10.94 sec.
2026-06-25 15:52:23,422 INFO Finished converting document page_32.pdf in 5.73 sec.
2026-06-25 15:52:24,807 INFO detected formats: [<InputFormat.PDF: 'pdf'>]
2026-06-25 15:52:24,807 INFO Going to convert document batch...
2026-06-25 15:52:24,807 INFO Processing document page_33.pdf
2026-06-25 15:52:25,574 INFO detected formats: [<InputFormat.PDF: 'pdf'>]
2026-06-25 15:52:25,574 INFO Going to convert document batch...
2026-06-25 15:52:25,579 INFO Processing document page_34.pdf
2026-06-25 15:52:28,085 INFO Finished converting document page_30.pdf in 11.48 sec.
2026-06-25 15:52:28,938 INFO Finished converting document page_31.pdf in 11.16 sec.
2026-06-25 15:52:30,301 INFO detected formats: [<InputFormat.PDF: 'pdf'>]
2026-06-25 15:52:30,301 INFO Going to convert document batch...
2026-06-25 15:52:30,303 INFO Processing document page_35.pdf
2026-06-25 15:52:31,860 INFO detected formats: [<InputFormat.PDF: 'pdf'>]
2026-06-25 15:52:31,862 INFO Going to convert document batch...
2026-06-25 15:52:31,862 INFO Processing document page_36.pdf
2026-06-25 15:52:38,287 INFO Finished converting document page_34.pdf in 12.70 sec.
2026-06-25 15:52:39,781 INFO detected formats: [<InputFormat.PDF: 'pdf'>]
2026-06-25 15:52:39,785 INFO Going to convert document batch...
2026-06-25 15:52:39,786 INFO Processing document page_37.pdf
2026-06-25 15:52:41,236 INFO Finished converting document page_35.pdf in 10.94 sec.
2026-06-25 15:52:41,878 INFO Finished converting document page_36.pdf in 10.01 sec.
2026-06-25 15:52:43,193 INFO detected formats: [<InputFormat.PDF: 'pdf'>]
2026-06-25 15:52:43,195 INFO Going to convert document batch...
2026-06-25 15:52:43,195 INFO Processing document page_38.pdf
2026-06-25 15:52:43,940 INFO detected formats: [<InputFormat.PDF: 'pdf'>]
2026-06-25 15:52:43,941 INFO Going to convert document batch...
2026-06-25 15:52:43,941 INFO Processing document page_39.pdf
2026-06-25 15:52:45,540 INFO Finished converting document page_37.pdf in 5.76 sec.
2026-06-25 15:52:47,753 INFO detected formats: [<InputFormat.PDF: 'pdf'>]
2026-06-25 15:52:47,755 INFO Going to convert document batch...
2026-06-25 15:52:47,757 INFO Processing document page_40.pdf
2026-06-25 15:52:49,377 INFO Finished converting document page_39.pdf in 5.44 sec.
2026-06-25 15:52:49,803 INFO Finished converting document page_33.pdf in 24.98 sec.
2026-06-25 15:52:51,576 INFO Finished converting document page_38.pdf in 8.39 sec.
2026-06-25 15:52:51,689 INFO detected formats: [<InputFormat.PDF: 'pdf'>]
2026-06-25 15:52:51,689 INFO Going to convert document batch...
2026-06-25 15:52:51,689 INFO Processing document page_41.pdf
2026-06-25 15:52:52,022 INFO detected formats: [<InputFormat.PDF: 'pdf'>]
2026-06-25 15:52:52,024 INFO Going to convert document batch...
2026-06-25 15:52:52,024 INFO Processing document page_42.pdf
2026-06-25 15:52:53,247 INFO detected formats: [<InputFormat.PDF: 'pdf'>]
2026-06-25 15:52:53,249 INFO Going to convert document batch...
2026-06-25 15:52:53,250 INFO Processing document page_43.pdf
2026-06-25 15:53:00,286 INFO Finished converting document page_43.pdf in 7.03 sec.
2026-06-25 15:53:00,479 INFO Finished converting document page_40.pdf in 12.74 sec.
2026-06-25 15:53:02,148 INFO detected formats: [<InputFormat.PDF: 'pdf'>]
2026-06-25 15:53:02,150 INFO Going to convert document batch...
2026-06-25 15:53:02,150 INFO Processing document page_45.pdf
2026-06-25 15:53:02,572 INFO detected formats: [<InputFormat.PDF: 'pdf'>]
2026-06-25 15:53:02,574 INFO Going to convert document batch...
2026-06-25 15:53:02,574 INFO Processing document page_44.pdf
2026-06-25 15:53:03,837 INFO Finished converting document page_42.pdf in 11.81 sec.
2026-06-25 15:53:05,300 INFO detected formats: [<InputFormat.PDF: 'pdf'>]
2026-06-25 15:53:05,302 INFO Going to convert document batch...
2026-06-25 15:53:05,303 INFO Processing document page_46.pdf
2026-06-25 15:53:05,837 INFO Finished converting document page_41.pdf in 14.16 sec.
2026-06-25 15:53:06,528 INFO detected formats: [<InputFormat.PDF: 'pdf'>]
2026-06-25 15:53:06,530 INFO Going to convert document batch...
2026-06-25 15:53:06,532 INFO Processing document page_47.pdf
2026-06-25 15:53:07,198 INFO Finished converting document page_45.pdf in 5.05 sec.
2026-06-25 15:53:08,112 INFO detected formats: [<InputFormat.PDF: 'pdf'>]
2026-06-25 15:53:08,122 INFO Going to convert document batch...
2026-06-25 15:53:08,122 INFO Processing document page_48.pdf
2026-06-25 15:53:13,408 INFO Finished converting document page_48.pdf in 5.30 sec.
2026-06-25 15:53:14,132 INFO Finished converting document page_44.pdf in 11.56 sec.
2026-06-25 15:53:14,487 INFO Finished converting document page_46.pdf in 9.19 sec.
2026-06-25 15:53:15,057 INFO detected formats: [<InputFormat.PDF: 'pdf'>]
2026-06-25 15:53:15,059 INFO Going to convert document batch...
2026-06-25 15:53:15,059 INFO Processing document page_51.pdf
2026-06-25 15:53:15,350 INFO detected formats: [<InputFormat.PDF: 'pdf'>]
2026-06-25 15:53:15,350 INFO Going to convert document batch...
2026-06-25 15:53:15,350 INFO Processing document page_50.pdf
2026-06-25 15:53:15,425 INFO detected formats: [<InputFormat.PDF: 'pdf'>]
2026-06-25 15:53:15,428 INFO Going to convert document batch...
2026-06-25 15:53:15,429 INFO Processing document page_49.pdf
2026-06-25 15:53:18,103 INFO Finished converting document page_47.pdf in 11.58 sec.
2026-06-25 15:53:19,721 INFO detected formats: [<InputFormat.PDF: 'pdf'>]
2026-06-25 15:53:19,723 INFO Going to convert document batch...
2026-06-25 15:53:19,723 INFO Processing document page_52.pdf
2026-06-25 15:53:20,630 INFO Finished converting document page_49.pdf in 5.20 sec.
2026-06-25 15:53:24,357 INFO detected formats: [<InputFormat.PDF: 'pdf'>]
2026-06-25 15:53:24,357 INFO Going to convert document batch...
2026-06-25 15:53:24,357 INFO Processing document page_53.pdf
2026-06-25 15:53:24,681 INFO Finished converting document page_51.pdf in 9.62 sec.
2026-06-25 15:53:26,467 INFO detected formats: [<InputFormat.PDF: 'pdf'>]
2026-06-25 15:53:26,467 INFO Going to convert document batch...
2026-06-25 15:53:26,467 INFO Processing document page_54.pdf
2026-06-25 15:53:28,708 INFO Finished converting document page_50.pdf in 13.36 sec.
2026-06-25 15:53:30,504 INFO detected formats: [<InputFormat.PDF: 'pdf'>]
2026-06-25 15:53:30,505 INFO Going to convert document batch...
2026-06-25 15:53:30,505 INFO Processing document page_55.pdf
2026-06-25 15:53:36,378 INFO Finished converting document page_55.pdf in 5.88 sec.
2026-06-25 15:53:37,980 INFO detected formats: [<InputFormat.PDF: 'pdf'>]
2026-06-25 15:53:37,981 INFO Going to convert document batch...
2026-06-25 15:53:37,981 INFO Processing document page_56.pdf
2026-06-25 15:53:38,871 INFO Finished converting document page_52.pdf in 19.16 sec.
2026-06-25 15:53:40,392 INFO detected formats: [<InputFormat.PDF: 'pdf'>]
2026-06-25 15:53:40,392 INFO Going to convert document batch...
2026-06-25 15:53:40,392 INFO Processing document page_57.pdf
2026-06-25 15:53:46,447 INFO Finished converting document page_57.pdf in 6.06 sec.
2026-06-25 15:53:47,165 INFO Finished converting document page_56.pdf in 9.19 sec.
2026-06-25 15:53:48,243 INFO Finished converting document page_54.pdf in 21.78 sec.
2026-06-25 15:53:48,543 INFO detected formats: [<InputFormat.PDF: 'pdf'>]
2026-06-25 15:53:48,544 INFO Going to convert document batch...
2026-06-25 15:53:48,545 INFO Processing document page_58.pdf
2026-06-25 15:53:48,923 INFO detected formats: [<InputFormat.PDF: 'pdf'>]
2026-06-25 15:53:48,925 INFO Going to convert document batch...
2026-06-25 15:53:48,927 INFO Processing document page_59.pdf
2026-06-25 15:53:50,242 INFO detected formats: [<InputFormat.PDF: 'pdf'>]
2026-06-25 15:53:50,242 INFO Going to convert document batch...
2026-06-25 15:53:50,242 INFO Processing document page_60.pdf
2026-06-25 15:53:55,033 INFO Finished converting document page_58.pdf in 6.49 sec.
2026-06-25 15:53:55,831 INFO Finished converting document page_59.pdf in 6.91 sec.
2026-06-25 15:53:56,978 INFO detected formats: [<InputFormat.PDF: 'pdf'>]
2026-06-25 15:53:56,980 INFO Going to convert document batch...
2026-06-25 15:53:56,980 INFO Processing document page_61.pdf
2026-06-25 15:53:57,831 INFO detected formats: [<InputFormat.PDF: 'pdf'>]
2026-06-25 15:53:57,836 INFO Going to convert document batch...
2026-06-25 15:53:57,837 INFO Processing document page_62.pdf
2026-06-25 15:54:01,072 INFO Finished converting document page_53.pdf in 36.72 sec.
2026-06-25 15:54:02,947 INFO Finished converting document page_60.pdf in 12.70 sec.
2026-06-25 15:54:04,134 INFO Finished converting document page_61.pdf in 7.16 sec.
2026-06-25 15:54:04,173 INFO detected formats: [<InputFormat.PDF: 'pdf'>]
2026-06-25 15:54:04,181 INFO Going to convert document batch...
2026-06-25 15:54:04,181 INFO Processing document page_63.pdf
2026-06-25 15:54:05,042 INFO Finished converting document page_62.pdf in 7.22 sec.
2026-06-25 15:54:05,461 INFO detected formats: [<InputFormat.PDF: 'pdf'>]
2026-06-25 15:54:05,463 INFO Going to convert document batch...
2026-06-25 15:54:05,464 INFO Processing document page_65.pdf
2026-06-25 15:54:05,647 INFO detected formats: [<InputFormat.PDF: 'pdf'>]
2026-06-25 15:54:05,652 INFO Going to convert document batch...
2026-06-25 15:54:05,653 INFO Processing document page_64.pdf
2026-06-25 15:54:06,089 INFO detected formats: [<InputFormat.PDF: 'pdf'>]
2026-06-25 15:54:06,089 INFO Going to convert document batch...
2026-06-25 15:54:06,089 INFO Processing document page_66.pdf
2026-06-25 15:54:11,273 INFO Finished converting document page_65.pdf in 5.81 sec.
2026-06-25 15:54:11,454 INFO Finished converting document page_66.pdf in 5.36 sec.
2026-06-25 15:54:13,358 INFO detected formats: [<InputFormat.PDF: 'pdf'>]
2026-06-25 15:54:13,358 INFO Going to convert document batch...
2026-06-25 15:54:13,361 INFO Processing document page_68.pdf
2026-06-25 15:54:13,610 INFO Finished converting document page_63.pdf in 9.44 sec.
2026-06-25 15:54:13,763 INFO detected formats: [<InputFormat.PDF: 'pdf'>]
2026-06-25 15:54:13,768 INFO Going to convert document batch...
2026-06-25 15:54:13,769 INFO Processing document page_67.pdf
2026-06-25 15:54:14,597 INFO detected formats: [<InputFormat.PDF: 'pdf'>]
2026-06-25 15:54:14,600 INFO Going to convert document batch...
2026-06-25 15:54:14,600 INFO Processing document page_69.pdf
2026-06-25 15:54:25,827 INFO Finished converting document page_69.pdf in 11.24 sec.
2026-06-25 15:54:26,556 INFO Finished converting document page_64.pdf in 20.92 sec.
2026-06-25 15:54:29,976 INFO detected formats: [<InputFormat.PDF: 'pdf'>]
2026-06-25 15:54:29,977 INFO Going to convert document batch...
2026-06-25 15:54:29,978 INFO Processing document page_70.pdf
2026-06-25 15:54:31,056 INFO detected formats: [<InputFormat.PDF: 'pdf'>]
2026-06-25 15:54:31,058 INFO Going to convert document batch...
2026-06-25 15:54:31,061 INFO Processing document page_71.pdf
2026-06-25 15:54:37,050 INFO Finished converting document page_67.pdf in 23.28 sec.
2026-06-25 15:54:39,017 INFO Finished converting document page_68.pdf in 25.66 sec.
2026-06-25 15:54:40,296 INFO detected formats: [<InputFormat.PDF: 'pdf'>]
2026-06-25 15:54:40,296 INFO Going to convert document batch...
2026-06-25 15:54:40,296 INFO Processing document page_72.pdf
2026-06-25 15:54:42,424 INFO detected formats: [<InputFormat.PDF: 'pdf'>]
2026-06-25 15:54:42,429 INFO Going to convert document batch...
2026-06-25 15:54:42,433 INFO Processing document page_73.pdf
2026-06-25 15:54:56,768 INFO Finished converting document page_70.pdf in 26.80 sec.
2026-06-25 15:54:57,211 INFO Finished converting document page_71.pdf in 26.16 sec.
2026-06-25 15:54:58,037 INFO Finished converting document page_73.pdf in 15.61 sec.
2026-06-25 15:54:58,595 INFO detected formats: [<InputFormat.PDF: 'pdf'>]
2026-06-25 15:54:58,596 INFO Going to convert document batch...
2026-06-25 15:54:58,597 INFO Processing document page_74.pdf
2026-06-25 15:54:59,156 INFO detected formats: [<InputFormat.PDF: 'pdf'>]
2026-06-25 15:54:59,158 INFO Going to convert document batch...
2026-06-25 15:54:59,158 INFO Processing document page_75.pdf
2026-06-25 15:54:59,704 INFO detected formats: [<InputFormat.PDF: 'pdf'>]
2026-06-25 15:54:59,706 INFO Going to convert document batch...
2026-06-25 15:54:59,706 INFO Processing document page_76.pdf
2026-06-25 15:55:08,141 INFO Finished converting document page_72.pdf in 27.84 sec.
2026-06-25 15:55:09,986 INFO detected formats: [<InputFormat.PDF: 'pdf'>]
2026-06-25 15:55:09,987 INFO Going to convert document batch...
2026-06-25 15:55:09,992 INFO Processing document page_77.pdf
2026-06-25 15:55:12,488 INFO Finished converting document page_75.pdf in 13.33 sec.
2026-06-25 15:55:13,076 INFO Finished converting document page_76.pdf in 13.38 sec.
2026-06-25 15:55:13,617 INFO detected formats: [<InputFormat.PDF: 'pdf'>]
2026-06-25 15:55:13,617 INFO Going to convert document batch...
2026-06-25 15:55:13,621 INFO Processing document page_78.pdf
2026-06-25 15:55:16,006 INFO detected formats: [<InputFormat.PDF: 'pdf'>]
2026-06-25 15:55:16,008 INFO Going to convert document batch...
2026-06-25 15:55:16,008 INFO Processing document page_79.pdf
2026-06-25 15:55:19,851 INFO Finished converting document page_74.pdf in 21.27 sec.
2026-06-25 15:55:22,002 INFO Finished converting document page_78.pdf in 8.38 sec.
2026-06-25 15:55:22,251 INFO detected formats: [<InputFormat.PDF: 'pdf'>]
2026-06-25 15:55:22,253 INFO Going to convert document batch...
2026-06-25 15:55:22,255 INFO Processing document page_80.pdf
2026-06-25 15:55:22,966 INFO Finished converting document page_77.pdf in 12.98 sec.
2026-06-25 15:55:23,722 INFO detected formats: [<InputFormat.PDF: 'pdf'>]
2026-06-25 15:55:23,725 INFO Going to convert document batch...
2026-06-25 15:55:23,727 INFO Processing document page_81.pdf
2026-06-25 15:55:24,910 INFO detected formats: [<InputFormat.PDF: 'pdf'>]
2026-06-25 15:55:24,912 INFO Going to convert document batch...
2026-06-25 15:55:24,913 INFO Processing document page_82.pdf
2026-06-25 15:55:29,460 INFO Finished converting document page_81.pdf in 5.75 sec.
2026-06-25 15:55:30,949 INFO Finished converting document page_82.pdf in 6.05 sec.
2026-06-25 15:55:31,094 INFO Finished converting document page_80.pdf in 8.84 sec.
2026-06-25 15:55:32,633 INFO detected formats: [<InputFormat.PDF: 'pdf'>]
2026-06-25 15:55:32,635 INFO Going to convert document batch...
2026-06-25 15:55:32,637 INFO Processing document page_83.pdf
2026-06-25 15:55:32,829 INFO detected formats: [<InputFormat.PDF: 'pdf'>]
2026-06-25 15:55:32,830 INFO Going to convert document batch...
2026-06-25 15:55:32,831 INFO Processing document page_84.pdf
2026-06-25 15:55:35,067 INFO detected formats: [<InputFormat.PDF: 'pdf'>]
2026-06-25 15:55:35,070 INFO Going to convert document batch...
2026-06-25 15:55:35,071 INFO Processing document page_85.pdf
2026-06-25 15:55:45,993 INFO Finished converting document page_79.pdf in 30.00 sec.
2026-06-25 15:55:51,144 INFO detected formats: [<InputFormat.PDF: 'pdf'>]
2026-06-25 15:55:51,149 INFO Going to convert document batch...
2026-06-25 15:55:51,150 INFO Processing document page_86.pdf
2026-06-25 15:55:59,743 INFO Finished converting document page_84.pdf in 26.92 sec.
2026-06-25 15:56:00,035 INFO Finished converting document page_83.pdf in 27.39 sec.
2026-06-25 15:56:01,772 INFO detected formats: [<InputFormat.PDF: 'pdf'>]
2026-06-25 15:56:01,774 INFO Going to convert document batch...
2026-06-25 15:56:01,776 INFO Processing document page_87.pdf
2026-06-25 15:56:05,501 INFO detected formats: [<InputFormat.PDF: 'pdf'>]
2026-06-25 15:56:05,503 INFO Going to convert document batch...
2026-06-25 15:56:05,503 INFO Processing document page_88.pdf
2026-06-25 15:56:10,768 INFO Finished converting document page_85.pdf in 35.70 sec.
2026-06-25 15:56:11,505 INFO Finished converting document page_86.pdf in 20.36 sec.
2026-06-25 15:56:13,601 INFO Finished converting document page_87.pdf in 11.84 sec.
2026-06-25 15:56:14,773 INFO detected formats: [<InputFormat.PDF: 'pdf'>]
2026-06-25 15:56:14,773 INFO Going to convert document batch...
2026-06-25 15:56:14,773 INFO Processing document page_91.pdf
2026-06-25 15:56:14,973 INFO detected formats: [<InputFormat.PDF: 'pdf'>]
2026-06-25 15:56:14,973 INFO Going to convert document batch...
2026-06-25 15:56:14,973 INFO Processing document page_90.pdf
2026-06-25 15:56:15,109 INFO detected formats: [<InputFormat.PDF: 'pdf'>]
2026-06-25 15:56:15,111 INFO Going to convert document batch...
2026-06-25 15:56:15,111 INFO Processing document page_89.pdf
2026-06-25 15:56:20,617 INFO Finished converting document page_91.pdf in 5.84 sec.
2026-06-25 15:56:22,421 INFO detected formats: [<InputFormat.PDF: 'pdf'>]
2026-06-25 15:56:22,423 INFO Going to convert document batch...
2026-06-25 15:56:22,425 INFO Processing document page_92.pdf
2026-06-25 15:56:28,424 INFO Finished converting document page_92.pdf in 6.00 sec.
2026-06-25 15:56:31,981 INFO detected formats: [<InputFormat.PDF: 'pdf'>]
2026-06-25 15:56:31,983 INFO Going to convert document batch...
2026-06-25 15:56:31,983 INFO Processing document page_93.pdf
2026-06-25 15:56:40,349 INFO Finished converting document page_88.pdf in 34.84 sec.
2026-06-25 15:56:43,253 INFO detected formats: [<InputFormat.PDF: 'pdf'>]
2026-06-25 15:56:43,253 INFO Going to convert document batch...
2026-06-25 15:56:43,253 INFO Processing document page_94.pdf
2026-06-25 15:56:48,391 INFO Finished converting document page_89.pdf in 33.28 sec.
2026-06-25 15:56:49,311 INFO Finished converting document page_90.pdf in 34.34 sec.
2026-06-25 15:56:50,318 INFO detected formats: [<InputFormat.PDF: 'pdf'>]
2026-06-25 15:56:50,321 INFO Going to convert document batch...
2026-06-25 15:56:50,323 INFO Processing document page_95.pdf
2026-06-25 15:56:52,200 INFO detected formats: [<InputFormat.PDF: 'pdf'>]
2026-06-25 15:56:52,202 INFO Going to convert document batch...
2026-06-25 15:56:52,203 INFO Processing document page_96.pdf
2026-06-25 15:56:52,939 INFO Finished converting document page_94.pdf in 9.69 sec.
2026-06-25 15:56:53,826 INFO Finished converting document page_93.pdf in 21.84 sec.
2026-06-25 15:56:56,169 INFO detected formats: [<InputFormat.PDF: 'pdf'>]
2026-06-25 15:56:56,171 INFO Going to convert document batch...
2026-06-25 15:56:56,172 INFO Processing document page_97.pdf
2026-06-25 15:56:56,695 INFO detected formats: [<InputFormat.PDF: 'pdf'>]
2026-06-25 15:56:56,697 INFO Going to convert document batch...
2026-06-25 15:56:56,698 INFO Processing document page_98.pdf
2026-06-25 15:57:09,632 INFO Finished converting document page_95.pdf in 19.33 sec.
2026-06-25 15:57:11,865 INFO detected formats: [<InputFormat.PDF: 'pdf'>]
2026-06-25 15:57:11,869 INFO Going to convert document batch...
2026-06-25 15:57:11,870 INFO Processing document page_99.pdf
2026-06-25 15:57:14,689 INFO Finished converting document page_97.pdf in 18.52 sec.
2026-06-25 15:57:16,150 INFO Finished converting document page_98.pdf in 19.45 sec.
2026-06-25 15:57:18,034 INFO detected formats: [<InputFormat.PDF: 'pdf'>]
2026-06-25 15:57:18,034 INFO Going to convert document batch...
2026-06-25 15:57:18,034 INFO Processing document page_100.pdf
2026-06-25 15:57:18,163 INFO Finished converting document page_99.pdf in 6.31 sec.
2026-06-25 15:57:18,370 INFO detected formats: [<InputFormat.PDF: 'pdf'>]
2026-06-25 15:57:18,370 INFO Going to convert document batch...
2026-06-25 15:57:18,377 INFO Processing document page_101.pdf
2026-06-25 15:57:19,736 INFO detected formats: [<InputFormat.PDF: 'pdf'>]
2026-06-25 15:57:19,736 INFO Going to convert document batch...
2026-06-25 15:57:19,738 INFO Processing document page_102.pdf
2026-06-25 15:57:23,542 INFO Finished converting document page_96.pdf in 31.34 sec.
2026-06-25 15:57:25,248 INFO detected formats: [<InputFormat.PDF: 'pdf'>]
2026-06-25 15:57:25,250 INFO Going to convert document batch...
2026-06-25 15:57:25,250 INFO Processing document page_103.pdf
2026-06-25 15:57:31,545 INFO Finished converting document page_103.pdf in 6.30 sec.
2026-06-25 15:57:31,683 INFO Finished converting document page_102.pdf in 11.95 sec.
2026-06-25 15:57:32,989 INFO detected formats: [<InputFormat.PDF: 'pdf'>]
2026-06-25 15:57:32,990 INFO Going to convert document batch...
2026-06-25 15:57:32,990 INFO Processing document page_104.pdf
2026-06-25 15:57:33,240 INFO detected formats: [<InputFormat.PDF: 'pdf'>]
2026-06-25 15:57:33,243 INFO Going to convert document batch...
2026-06-25 15:57:33,245 INFO Processing document page_105.pdf
2026-06-25 15:57:34,627 INFO Finished converting document page_101.pdf in 16.25 sec.
2026-06-25 15:57:37,693 INFO detected formats: [<InputFormat.PDF: 'pdf'>]
2026-06-25 15:57:37,693 INFO Going to convert document batch...
2026-06-25 15:57:37,693 INFO Processing document page_106.pdf
2026-06-25 15:57:40,743 INFO Finished converting document page_105.pdf in 7.51 sec.
2026-06-25 15:57:41,014 INFO Finished converting document page_104.pdf in 8.03 sec.
2026-06-25 15:57:43,306 INFO detected formats: [<InputFormat.PDF: 'pdf'>]
2026-06-25 15:57:43,308 INFO Going to convert document batch...
2026-06-25 15:57:43,309 INFO Processing document page_108.pdf
2026-06-25 15:57:43,729 INFO detected formats: [<InputFormat.PDF: 'pdf'>]
2026-06-25 15:57:43,730 INFO Going to convert document batch...
2026-06-25 15:57:43,731 INFO Processing document page_107.pdf
2026-06-25 15:57:44,900 INFO Finished converting document page_106.pdf in 7.22 sec.
2026-06-25 15:57:46,872 INFO detected formats: [<InputFormat.PDF: 'pdf'>]
2026-06-25 15:57:46,872 INFO Going to convert document batch...
2026-06-25 15:57:46,872 INFO Processing document page_109.pdf
2026-06-25 15:57:48,952 INFO Finished converting document page_100.pdf in 30.92 sec.
2026-06-25 15:57:49,355 INFO Finished converting document page_108.pdf in 6.05 sec.
2026-06-25 15:57:49,677 INFO Finished converting document page_107.pdf in 5.94 sec.
2026-06-25 15:57:50,413 INFO detected formats: [<InputFormat.PDF: 'pdf'>]
2026-06-25 15:57:50,415 INFO Going to convert document batch...
2026-06-25 15:57:50,415 INFO Processing document page_110.pdf
2026-06-25 15:57:51,070 INFO detected formats: [<InputFormat.PDF: 'pdf'>]
2026-06-25 15:57:51,071 INFO Going to convert document batch...
2026-06-25 15:57:51,074 INFO Processing document page_111.pdf
2026-06-25 15:57:51,458 INFO detected formats: [<InputFormat.PDF: 'pdf'>]
2026-06-25 15:57:51,459 INFO Going to convert document batch...
2026-06-25 15:57:51,460 INFO Processing document page_112.pdf
2026-06-25 15:57:52,297 INFO Finished converting document page_109.pdf in 5.42 sec.
2026-06-25 15:57:55,520 INFO detected formats: [<InputFormat.PDF: 'pdf'>]
2026-06-25 15:57:55,531 INFO Going to convert document batch...
2026-06-25 15:57:55,531 INFO Processing document page_113.pdf
2026-06-25 15:57:56,495 INFO Finished converting document page_110.pdf in 6.09 sec.
2026-06-25 15:57:57,247 INFO Finished converting document page_111.pdf in 6.17 sec.
2026-06-25 15:57:58,612 INFO detected formats: [<InputFormat.PDF: 'pdf'>]
2026-06-25 15:57:58,613 INFO Going to convert document batch...
2026-06-25 15:57:58,613 INFO Processing document page_114.pdf
2026-06-25 15:58:01,632 INFO detected formats: [<InputFormat.PDF: 'pdf'>]
2026-06-25 15:58:01,634 INFO Going to convert document batch...
2026-06-25 15:58:01,635 INFO Processing document page_115.pdf
2026-06-25 15:58:03,055 INFO Finished converting document page_112.pdf in 11.61 sec.
2026-06-25 15:58:06,946 INFO detected formats: [<InputFormat.PDF: 'pdf'>]
2026-06-25 15:58:06,946 INFO Going to convert document batch...
2026-06-25 15:58:06,948 INFO Processing document page_116.pdf
2026-06-25 15:58:14,593 INFO Finished converting document page_114.pdf in 15.98 sec.
2026-06-25 15:58:19,996 INFO Finished converting document page_113.pdf in 24.48 sec.
2026-06-25 15:58:20,018 INFO detected formats: [<InputFormat.PDF: 'pdf'>]
2026-06-25 15:58:20,020 INFO Going to convert document batch...
2026-06-25 15:58:20,022 INFO Processing document page_117.pdf
2026-06-25 15:58:21,660 INFO Finished converting document page_115.pdf in 20.03 sec.
2026-06-25 15:58:21,737 INFO detected formats: [<InputFormat.PDF: 'pdf'>]
2026-06-25 15:58:21,739 INFO Going to convert document batch...
2026-06-25 15:58:21,741 INFO Processing document page_118.pdf
2026-06-25 15:58:23,141 INFO detected formats: [<InputFormat.PDF: 'pdf'>]
2026-06-25 15:58:23,143 INFO Going to convert document batch...
2026-06-25 15:58:23,145 INFO Processing document page_119.pdf
2026-06-25 15:58:27,825 INFO Finished converting document page_118.pdf in 6.09 sec.
2026-06-25 15:58:29,832 INFO Finished converting document page_119.pdf in 6.69 sec.
2026-06-25 15:58:29,863 INFO detected formats: [<InputFormat.PDF: 'pdf'>]
2026-06-25 15:58:29,863 INFO Going to convert document batch...
2026-06-25 15:58:29,863 INFO Processing document page_120.pdf
2026-06-25 15:58:31,785 INFO detected formats: [<InputFormat.PDF: 'pdf'>]
2026-06-25 15:58:31,786 INFO Going to convert document batch...
2026-06-25 15:58:31,787 INFO Processing document page_121.pdf
2026-06-25 15:58:36,748 INFO Finished converting document page_116.pdf in 29.80 sec.
2026-06-25 15:58:38,728 INFO detected formats: [<InputFormat.PDF: 'pdf'>]
2026-06-25 15:58:38,731 INFO Going to convert document batch...
2026-06-25 15:58:38,733 INFO Processing document page_122.pdf
2026-06-25 15:58:42,771 INFO Finished converting document page_121.pdf in 10.98 sec.
2026-06-25 15:58:43,069 INFO Finished converting document page_120.pdf in 13.20 sec.
2026-06-25 15:58:44,112 INFO detected formats: [<InputFormat.PDF: 'pdf'>]
2026-06-25 15:58:44,112 INFO Going to convert document batch...
2026-06-25 15:58:44,114 INFO Processing document page_123.pdf
2026-06-25 15:58:44,343 INFO detected formats: [<InputFormat.PDF: 'pdf'>]
2026-06-25 15:58:44,343 INFO Going to convert document batch...
2026-06-25 15:58:44,343 INFO Processing document page_124.pdf
2026-06-25 15:58:47,958 INFO Finished converting document page_117.pdf in 27.94 sec.
2026-06-25 15:58:49,517 INFO detected formats: [<InputFormat.PDF: 'pdf'>]
2026-06-25 15:58:49,519 INFO Going to convert document batch...
2026-06-25 15:58:49,519 INFO Processing document page_125.pdf
2026-06-25 15:58:51,307 INFO Finished converting document page_123.pdf in 7.20 sec.
2026-06-25 15:58:53,333 INFO detected formats: [<InputFormat.PDF: 'pdf'>]
2026-06-25 15:58:53,335 INFO Going to convert document batch...
2026-06-25 15:58:53,337 INFO Processing document page_126.pdf
2026-06-25 15:58:55,839 INFO Finished converting document page_125.pdf in 6.33 sec.
2026-06-25 15:58:56,479 INFO Finished converting document page_124.pdf in 12.14 sec.
2026-06-25 15:58:57,094 INFO detected formats: [<InputFormat.PDF: 'pdf'>]
2026-06-25 15:58:57,102 INFO Going to convert document batch...
2026-06-25 15:58:57,102 INFO Processing document page_127.pdf
2026-06-25 15:58:58,056 INFO detected formats: [<InputFormat.PDF: 'pdf'>]
2026-06-25 15:58:58,058 INFO Going to convert document batch...
2026-06-25 15:58:58,060 INFO Processing document page_128.pdf
2026-06-25 15:58:59,748 INFO Finished converting document page_126.pdf in 6.42 sec.
2026-06-25 15:59:02,141 INFO detected formats: [<InputFormat.PDF: 'pdf'>]
2026-06-25 15:59:02,143 INFO Going to convert document batch...
2026-06-25 15:59:02,143 INFO Processing document page_129.pdf
2026-06-25 15:59:03,538 INFO Finished converting document page_127.pdf in 6.44 sec.
2026-06-25 15:59:05,382 INFO Finished converting document page_128.pdf in 7.33 sec.
2026-06-25 15:59:06,283 INFO Finished converting document page_122.pdf in 27.55 sec.
2026-06-25 15:59:06,546 INFO detected formats: [<InputFormat.PDF: 'pdf'>]
2026-06-25 15:59:06,548 INFO Going to convert document batch...
2026-06-25 15:59:06,549 INFO Processing document page_130.pdf
2026-06-25 15:59:07,109 INFO detected formats: [<InputFormat.PDF: 'pdf'>]
2026-06-25 15:59:07,109 INFO Going to convert document batch...
2026-06-25 15:59:07,109 INFO Processing document page_131.pdf
2026-06-25 15:59:07,618 INFO detected formats: [<InputFormat.PDF: 'pdf'>]
2026-06-25 15:59:07,618 INFO Going to convert document batch...
2026-06-25 15:59:07,620 INFO Processing document page_132.pdf
2026-06-25 15:59:08,717 INFO Finished converting document page_129.pdf in 6.58 sec.
2026-06-25 15:59:11,042 INFO detected formats: [<InputFormat.PDF: 'pdf'>]
2026-06-25 15:59:11,046 INFO Going to convert document batch...
2026-06-25 15:59:11,049 INFO Processing document page_133.pdf
2026-06-25 15:59:12,807 INFO Finished converting document page_130.pdf in 6.27 sec.
2026-06-25 15:59:13,620 INFO Finished converting document page_131.pdf in 6.51 sec.
2026-06-25 15:59:14,919 INFO Finished converting document page_132.pdf in 7.30 sec.
2026-06-25 15:59:14,961 INFO detected formats: [<InputFormat.PDF: 'pdf'>]
2026-06-25 15:59:14,962 INFO Going to convert document batch...
2026-06-25 15:59:14,964 INFO Processing document page_134.pdf
2026-06-25 15:59:15,967 INFO detected formats: [<InputFormat.PDF: 'pdf'>]
2026-06-25 15:59:15,969 INFO Going to convert document batch...
2026-06-25 15:59:15,969 INFO Processing document page_135.pdf
2026-06-25 15:59:16,824 INFO detected formats: [<InputFormat.PDF: 'pdf'>]
2026-06-25 15:59:16,826 INFO Going to convert document batch...
2026-06-25 15:59:16,827 INFO Processing document page_136.pdf
2026-06-25 15:59:18,004 INFO Finished converting document page_133.pdf in 6.95 sec.
2026-06-25 15:59:20,046 INFO detected formats: [<InputFormat.PDF: 'pdf'>]
2026-06-25 15:59:20,048 INFO Going to convert document batch...
2026-06-25 15:59:20,050 INFO Processing document page_137.pdf
2026-06-25 15:59:22,749 INFO Finished converting document page_134.pdf in 7.78 sec.
2026-06-25 15:59:23,897 INFO Finished converting document page_135.pdf in 7.92 sec.
2026-06-25 15:59:24,436 INFO detected formats: [<InputFormat.PDF: 'pdf'>]
2026-06-25 15:59:24,438 INFO Going to convert document batch...
2026-06-25 15:59:24,441 INFO Processing document page_138.pdf
2026-06-25 15:59:25,386 INFO Finished converting document page_136.pdf in 8.56 sec.
2026-06-25 15:59:25,806 INFO detected formats: [<InputFormat.PDF: 'pdf'>]
2026-06-25 15:59:25,806 INFO Going to convert document batch...
2026-06-25 15:59:25,808 INFO Processing document page_139.pdf
2026-06-25 15:59:26,758 INFO detected formats: [<InputFormat.PDF: 'pdf'>]
2026-06-25 15:59:26,758 INFO Going to convert document batch...
2026-06-25 15:59:26,758 INFO Processing document page_140.pdf
2026-06-25 15:59:28,357 INFO Finished converting document page_137.pdf in 8.31 sec.
2026-06-25 15:59:30,526 INFO detected formats: [<InputFormat.PDF: 'pdf'>]
2026-06-25 15:59:30,527 INFO Going to convert document batch...
2026-06-25 15:59:30,528 INFO Processing document page_141.pdf
2026-06-25 15:59:31,367 INFO Finished converting document page_138.pdf in 6.94 sec.
2026-06-25 15:59:32,199 INFO Finished converting document page_139.pdf in 6.41 sec.
2026-06-25 15:59:33,557 INFO Finished converting document page_140.pdf in 6.80 sec.
2026-06-25 15:59:33,936 INFO detected formats: [<InputFormat.PDF: 'pdf'>]
2026-06-25 15:59:33,938 INFO Going to convert document batch...
2026-06-25 15:59:33,940 INFO Processing document page_142.pdf
2026-06-25 15:59:34,466 INFO detected formats: [<InputFormat.PDF: 'pdf'>]
2026-06-25 15:59:34,469 INFO Going to convert document batch...
2026-06-25 15:59:34,473 INFO Processing document page_143.pdf
2026-06-25 15:59:36,033 INFO detected formats: [<InputFormat.PDF: 'pdf'>]
2026-06-25 15:59:36,035 INFO Going to convert document batch...
2026-06-25 15:59:36,036 INFO Processing document page_144.pdf
2026-06-25 15:59:37,379 INFO Finished converting document page_141.pdf in 6.84 sec.
2026-06-25 15:59:38,876 INFO detected formats: [<InputFormat.PDF: 'pdf'>]
2026-06-25 15:59:38,876 INFO Going to convert document batch...
2026-06-25 15:59:38,876 INFO Processing document page_145.pdf
2026-06-25 15:59:40,009 INFO Finished converting document page_142.pdf in 6.08 sec.
2026-06-25 15:59:40,631 INFO Finished converting document page_143.pdf in 6.16 sec.
2026-06-25 15:59:41,964 INFO detected formats: [<InputFormat.PDF: 'pdf'>]
2026-06-25 15:59:41,966 INFO Going to convert document batch...
2026-06-25 15:59:41,967 INFO Processing document page_146.pdf
2026-06-25 15:59:42,182 INFO Finished converting document page_144.pdf in 6.16 sec.
2026-06-25 15:59:42,746 INFO detected formats: [<InputFormat.PDF: 'pdf'>]
2026-06-25 15:59:42,748 INFO Going to convert document batch...
2026-06-25 15:59:42,748 INFO Processing document page_147.pdf
2026-06-25 15:59:44,105 INFO detected formats: [<InputFormat.PDF: 'pdf'>]
2026-06-25 15:59:44,107 INFO Going to convert document batch...
2026-06-25 15:59:44,109 INFO Processing document page_148.pdf
2026-06-25 15:59:45,527 INFO Finished converting document page_145.pdf in 6.66 sec.
2026-06-25 15:59:46,210 INFO detected formats: [<InputFormat.PDF: 'pdf'>]
2026-06-25 15:59:46,212 INFO Going to convert document batch...
2026-06-25 15:59:46,214 INFO Processing document page_149.pdf
2026-06-25 15:59:48,267 INFO Finished converting document page_146.pdf in 6.30 sec.
2026-06-25 15:59:49,244 INFO Finished converting document page_147.pdf in 6.50 sec.
2026-06-25 15:59:49,553 INFO detected formats: [<InputFormat.PDF: 'pdf'>]
2026-06-25 15:59:49,557 INFO Going to convert document batch...
2026-06-25 15:59:49,558 INFO Processing document page_150.pdf
2026-06-25 15:59:50,411 INFO detected formats: [<InputFormat.PDF: 'pdf'>]
2026-06-25 15:59:50,413 INFO Going to convert document batch...
2026-06-25 15:59:50,415 INFO Processing document page_151.pdf
2026-06-25 15:59:51,912 INFO Finished converting document page_149.pdf in 5.69 sec.
2026-06-25 15:59:52,304 INFO detected formats: [<InputFormat.PDF: 'pdf'>]
2026-06-25 15:59:52,312 INFO Going to convert document batch...
2026-06-25 15:59:52,315 INFO Processing document page_152.pdf
2026-06-25 15:59:58,827 INFO Finished converting document page_152.pdf in 6.52 sec.
2026-06-25 16:00:00,167 INFO detected formats: [<InputFormat.PDF: 'pdf'>]
2026-06-25 16:00:00,173 INFO Going to convert document batch...
2026-06-25 16:00:00,175 INFO Processing document page_153.pdf
2026-06-25 16:00:00,257 INFO Finished converting document page_148.pdf in 16.16 sec.
2026-06-25 16:00:02,611 INFO detected formats: [<InputFormat.PDF: 'pdf'>]
2026-06-25 16:00:02,611 INFO Going to convert document batch...
2026-06-25 16:00:02,611 INFO Processing document page_154.pdf
2026-06-25 16:00:08,117 INFO Finished converting document page_153.pdf in 7.95 sec.
2026-06-25 16:00:10,472 INFO detected formats: [<InputFormat.PDF: 'pdf'>]
2026-06-25 16:00:10,475 INFO Going to convert document batch...
2026-06-25 16:00:10,477 INFO Processing document page_155.pdf
2026-06-25 16:00:10,956 INFO Finished converting document page_154.pdf in 8.34 sec.
2026-06-25 16:00:11,733 INFO detected formats: [<InputFormat.PDF: 'pdf'>]
2026-06-25 16:00:11,733 INFO Going to convert document batch...
2026-06-25 16:00:11,733 INFO Processing document page_156.pdf
2026-06-25 16:00:13,948 INFO Finished converting document page_151.pdf in 23.55 sec.
2026-06-25 16:00:14,061 INFO Finished converting document page_150.pdf in 24.52 sec.
2026-06-25 16:00:14,554 INFO detected formats: [<InputFormat.PDF: 'pdf'>]
2026-06-25 16:00:14,556 INFO Going to convert document batch...
2026-06-25 16:00:14,558 INFO Processing document page_157.pdf
2026-06-25 16:00:16,052 INFO detected formats: [<InputFormat.PDF: 'pdf'>]
2026-06-25 16:00:16,054 INFO Going to convert document batch...
2026-06-25 16:00:16,055 INFO Processing document page_158.pdf
2026-06-25 16:00:17,541 INFO Finished converting document page_156.pdf in 5.81 sec.
2026-06-25 16:00:17,682 INFO Finished converting document page_155.pdf in 7.22 sec.
2026-06-25 16:00:19,218 INFO Finished converting document page_157.pdf in 4.66 sec.
2026-06-25 16:00:26,527 INFO Finished converting document page_158.pdf in 10.49 sec.
2026-06-25 16:00:29,257 INFO Page 1 processed with pypdf_text in 14.09s
2026-06-25 16:00:29,257 INFO Page 2 processed with pypdf_text in 21.88s
2026-06-25 16:00:29,257 INFO Page 3 processed with pypdf_text in 13.68s
2026-06-25 16:00:29,257 INFO Page 4 processed with pypdf_text in 14.52s
2026-06-25 16:00:29,258 INFO Page 5 processed with pypdf_text in 13.44s
2026-06-25 16:00:29,258 INFO Page 6 processed with pypdf_text in 13.47s
2026-06-25 16:00:29,258 INFO Page 7 processed with pypdfium in 18.73s
2026-06-25 16:00:29,258 INFO Page 8 processed with pypdfium in 18.90s
2026-06-25 16:00:29,258 INFO Page 9 processed with pypdf_text in 8.08s
2026-06-25 16:00:29,259 INFO Page 10 processed with pypdf_text in 8.45s
2026-06-25 16:00:29,259 INFO Page 11 processed with pypdf_text in 7.73s
2026-06-25 16:00:29,259 INFO Page 12 processed with pypdf_text in 5.86s
2026-06-25 16:00:29,259 INFO Page 13 processed with pypdfium in 12.25s
2026-06-25 16:00:29,259 INFO Page 14 processed with pypdfium in 18.23s
2026-06-25 16:00:29,259 INFO Page 15 processed with pypdfium in 16.51s
2026-06-25 16:00:29,260 INFO Page 16 processed with pypdfium in 13.13s
2026-06-25 16:00:29,260 INFO Page 17 processed with pypdf_text in 9.92s
2026-06-25 16:00:29,260 INFO Page 18 processed with pypdf_text in 7.07s
2026-06-25 16:00:29,260 INFO Page 19 processed with pypdfium in 21.72s
2026-06-25 16:00:29,260 INFO Page 20 processed with pypdf_text in 7.30s
2026-06-25 16:00:29,260 INFO Page 21 processed with pypdfium in 24.17s
2026-06-25 16:00:29,260 INFO Page 22 processed with pypdfium in 13.94s
2026-06-25 16:00:29,261 INFO Page 23 processed with pypdfium in 19.03s
2026-06-25 16:00:29,261 INFO Page 24 processed with pypdfium in 13.81s
2026-06-25 16:00:29,261 INFO Page 25 processed with pypdfium in 11.13s
2026-06-25 16:00:29,261 INFO Page 26 processed with pypdfium in 13.01s
2026-06-25 16:00:29,261 INFO Page 27 processed with pypdfium in 13.34s
2026-06-25 16:00:29,261 INFO Page 28 processed with pypdfium in 12.45s
2026-06-25 16:00:29,261 INFO Page 29 processed with pypdf_text in 6.97s
2026-06-25 16:00:29,261 INFO Page 30 processed with pypdfium in 13.27s
2026-06-25 16:00:29,261 INFO Page 31 processed with pypdfium in 12.82s
2026-06-25 16:00:29,261 INFO Page 32 processed with pypdf_text in 6.98s
2026-06-25 16:00:29,261 INFO Page 33 processed with pypdfium in 29.48s
2026-06-25 16:00:29,261 INFO Page 34 processed with pypdfium in 14.87s
2026-06-25 16:00:29,261 INFO Page 35 processed with pypdfium in 13.15s
2026-06-25 16:00:29,263 INFO Page 36 processed with pypdfium in 12.93s
2026-06-25 16:00:29,263 INFO Page 37 processed with pypdf_text in 7.25s
2026-06-25 16:00:29,264 INFO Page 38 processed with pypdfium in 10.33s
2026-06-25 16:00:29,264 INFO Page 39 processed with pypdf_text in 7.50s
2026-06-25 16:00:29,264 INFO Page 40 processed with pypdfium in 14.94s
2026-06-25 16:00:29,264 INFO Page 41 processed with pypdfium in 16.47s
2026-06-25 16:00:29,264 INFO Page 42 processed with pypdfium in 14.02s
2026-06-25 16:00:29,264 INFO Page 43 processed with pypdf_text in 8.71s
2026-06-25 16:00:29,264 INFO Page 44 processed with pypdfium in 13.85s
2026-06-25 16:00:29,264 INFO Page 45 processed with pypdf_text in 6.72s
2026-06-25 16:00:29,264 INFO Page 46 processed with pypdfium in 10.65s
2026-06-25 16:00:29,264 INFO Page 47 processed with pypdf_text in 12.25s
2026-06-25 16:00:29,264 INFO Page 48 processed with pypdf_text in 6.21s
2026-06-25 16:00:29,266 INFO Page 49 processed with pypdf_text in 7.22s
2026-06-25 16:00:29,266 INFO Page 50 processed with pypdfium in 14.58s
2026-06-25 16:00:29,266 INFO Page 51 processed with pypdfium in 10.20s
2026-06-25 16:00:29,266 INFO Page 52 processed with pypdfium in 20.78s
2026-06-25 16:00:29,266 INFO Page 53 processed with pypdfium in 40.47s
2026-06-25 16:00:29,266 INFO Page 54 processed with pypdfium in 23.56s
2026-06-25 16:00:29,266 INFO Page 55 processed with pypdf_text in 7.66s
2026-06-25 16:00:29,266 INFO Page 56 processed with pypdfium in 10.79s
2026-06-25 16:00:29,266 INFO Page 57 processed with pypdf_text in 7.56s
2026-06-25 16:00:29,268 INFO Page 58 processed with pypdf_text in 8.60s
2026-06-25 16:00:29,268 INFO Page 59 processed with pypdf_text in 8.67s
2026-06-25 16:00:29,269 INFO Page 60 processed with pypdfium in 14.70s
2026-06-25 16:00:29,269 INFO Page 61 processed with pypdf_text in 9.09s
2026-06-25 16:00:29,269 INFO Page 62 processed with pypdf_text in 9.21s
2026-06-25 16:00:29,269 INFO Page 63 processed with pypdfium in 12.51s
2026-06-25 16:00:29,269 INFO Page 64 processed with pypdfium in 23.62s
2026-06-25 16:00:29,270 INFO Page 65 processed with pypdf_text in 7.14s
2026-06-25 16:00:29,270 INFO Page 66 processed with pypdf_text in 6.41s
2026-06-25 16:00:29,270 INFO Page 67 processed with pypdfium in 25.79s
2026-06-25 16:00:29,270 INFO Page 68 processed with pypdfium in 27.57s
2026-06-25 16:00:29,270 INFO Page 69 processed with pypdfium in 12.21s
2026-06-25 16:00:29,270 INFO Page 70 processed with pypdfium in 30.95s
2026-06-25 16:00:29,271 INFO Page 71 processed with pypdfium in 30.61s
2026-06-25 16:00:29,271 INFO Page 72 processed with pypdfium in 31.09s
2026-06-25 16:00:29,271 INFO Page 73 processed with pypdfium in 19.02s
2026-06-25 16:00:29,271 INFO Page 74 processed with pypdfium in 23.08s
2026-06-25 16:00:29,272 INFO Page 75 processed with pypdfium in 15.28s
2026-06-25 16:00:29,272 INFO Page 76 processed with pypdfium in 15.03s
2026-06-25 16:00:29,272 INFO Page 77 processed with pypdfium in 14.82s
2026-06-25 16:00:29,272 INFO Page 78 processed with pypdfium in 9.51s
2026-06-25 16:00:29,272 INFO Page 79 processed with pypdfium in 32.93s
2026-06-25 16:00:29,273 INFO Page 80 processed with pypdfium in 11.24s
2026-06-25 16:00:29,273 INFO Page 81 processed with pypdf_text in 7.46s
2026-06-25 16:00:29,273 INFO Page 82 processed with pypdf_text in 7.98s
2026-06-25 16:00:29,273 INFO Page 83 processed with pypdfium in 30.58s
2026-06-25 16:00:29,273 INFO Page 84 processed with pypdfium in 28.80s
2026-06-25 16:00:29,273 INFO Page 85 processed with pypdfium in 39.70s
2026-06-25 16:00:29,274 INFO Page 86 processed with pypdfium in 25.50s
2026-06-25 16:00:29,274 INFO Page 87 processed with pypdfium in 13.85s
2026-06-25 16:00:29,274 INFO Page 88 processed with pypdfium in 40.31s
2026-06-25 16:00:29,274 INFO Page 89 processed with pypdfium in 37.60s
2026-06-25 16:00:29,274 INFO Page 90 processed with pypdfium in 37.80s
2026-06-25 16:00:29,275 INFO Page 91 processed with pypdf_text in 7.01s
2026-06-25 16:00:29,275 INFO Page 92 processed with pypdf_text in 7.81s
2026-06-25 16:00:29,275 INFO Page 93 processed with pypdfium in 25.41s
2026-06-25 16:00:29,276 INFO Page 94 processed with pypdfium in 12.60s
2026-06-25 16:00:29,276 INFO Page 95 processed with pypdfium in 21.24s
2026-06-25 16:00:29,276 INFO Page 96 processed with pypdfium in 34.23s
2026-06-25 16:00:29,276 INFO Page 97 processed with pypdfium in 21.74s
2026-06-25 16:00:29,276 INFO Page 98 processed with pypdfium in 22.32s
2026-06-25 16:00:29,277 INFO Page 99 processed with pypdf_text in 8.52s
2026-06-25 16:00:29,277 INFO Page 100 processed with pypdfium in 34.27s
2026-06-25 16:00:29,277 INFO Page 101 processed with pypdfium in 18.48s
2026-06-25 16:00:29,277 INFO Page 102 processed with pypdfium in 13.52s
2026-06-25 16:00:29,277 INFO Page 103 processed with pypdf_text in 7.99s
2026-06-25 16:00:29,277 INFO Page 104 processed with pypdf_text in 9.47s
2026-06-25 16:00:29,277 INFO Page 105 processed with pypdf_text in 9.06s
2026-06-25 16:00:29,278 INFO Page 106 processed with pypdf_text in 10.26s
2026-06-25 16:00:29,278 INFO Page 107 processed with pypdf_text in 8.93s
2026-06-25 16:00:29,278 INFO Page 108 processed with pypdf_text in 8.34s
2026-06-25 16:00:29,278 INFO Page 109 processed with pypdf_text in 7.40s
2026-06-25 16:00:29,278 INFO Page 110 processed with pypdf_text in 7.53s
2026-06-25 16:00:29,278 INFO Page 111 processed with pypdf_text in 7.89s
2026-06-25 16:00:29,279 INFO Page 112 processed with pypdfium in 13.38s
2026-06-25 16:00:29,279 INFO Page 113 processed with pypdfium in 27.71s
2026-06-25 16:00:29,279 INFO Page 114 processed with pypdfium in 18.11s
2026-06-25 16:00:29,279 INFO Page 115 processed with pypdfium in 24.42s
2026-06-25 16:00:29,279 INFO Page 116 processed with pypdfium in 33.69s
2026-06-25 16:00:29,279 INFO Page 117 processed with pypdfium in 33.38s
2026-06-25 16:00:29,280 INFO Page 118 processed with pypdf_text in 7.82s
2026-06-25 16:00:29,280 INFO Page 119 processed with pypdf_text in 8.16s
2026-06-25 16:00:29,280 INFO Page 120 processed with pypdfium in 15.25s
2026-06-25 16:00:29,280 INFO Page 121 processed with pypdf_text in 12.95s
2026-06-25 16:00:29,280 INFO Page 122 processed with pypdf_text in 29.53s
2026-06-25 16:00:29,280 INFO Page 123 processed with pypdf_text in 8.54s
2026-06-25 16:00:29,280 INFO Page 124 processed with pypdf_text in 13.41s
2026-06-25 16:00:29,281 INFO Page 125 processed with pypdf_text in 7.85s
2026-06-25 16:00:29,281 INFO Page 126 processed with pypdf_text in 8.43s
2026-06-25 16:00:29,281 INFO Page 127 processed with pypdf_text in 7.70s
2026-06-25 16:00:29,281 INFO Page 128 processed with pypdf_text in 8.90s
2026-06-25 16:00:29,281 INFO Page 129 processed with pypdf_text in 8.97s
2026-06-25 16:00:29,281 INFO Page 130 processed with pypdf_text in 9.27s
2026-06-25 16:00:29,281 INFO Page 131 processed with pypdf_text in 8.24s
2026-06-25 16:00:29,282 INFO Page 132 processed with pypdf_text in 8.63s
2026-06-25 16:00:29,282 INFO Page 133 processed with pypdf_text in 9.29s
2026-06-25 16:00:29,282 INFO Page 134 processed with pypdf_text in 9.94s
2026-06-25 16:00:29,282 INFO Page 135 processed with pypdf_text in 10.28s
2026-06-25 16:00:29,282 INFO Page 136 processed with pypdf_text in 10.47s
2026-06-25 16:00:29,282 INFO Page 137 processed with pypdf_text in 10.35s
2026-06-25 16:00:29,283 INFO Page 138 processed with pypdf_text in 8.62s
2026-06-25 16:00:29,283 INFO Page 139 processed with pypdf_text in 8.30s
2026-06-25 16:00:29,283 INFO Page 140 processed with pypdf_text in 8.17s
2026-06-25 16:00:29,283 INFO Page 141 processed with pypdf_text in 9.02s
2026-06-25 16:00:29,283 INFO Page 142 processed with pypdf_text in 8.64s
2026-06-25 16:00:29,283 INFO Page 143 processed with pypdf_text in 8.43s
2026-06-25 16:00:29,284 INFO Page 144 processed with pypdf_text in 8.62s
2026-06-25 16:00:29,284 INFO Page 145 processed with pypdf_text in 8.15s
2026-06-25 16:00:29,284 INFO Page 146 processed with pypdf_text in 8.26s
2026-06-25 16:00:29,285 INFO Page 147 processed with pypdf_text in 8.61s
2026-06-25 16:00:29,285 INFO Page 148 processed with pypdfium in 18.08s
2026-06-25 16:00:29,285 INFO Page 149 processed with pypdf_text in 6.38s
2026-06-25 16:00:29,285 INFO Page 150 processed with pypdfium in 25.80s
2026-06-25 16:00:29,285 INFO Page 151 processed with pypdfium in 24.71s
2026-06-25 16:00:29,285 INFO Page 152 processed with pypdf_text in 6.91s
2026-06-25 16:00:29,285 INFO Page 153 processed with pypdf_text in 9.29s
2026-06-25 16:00:29,286 INFO Page 154 processed with pypdf_text in 10.69s
2026-06-25 16:00:29,286 INFO Page 155 processed with pypdf_text in 9.56s
2026-06-25 16:00:29,286 INFO Page 156 processed with pypdf_text in 6.58s
2026-06-25 16:00:29,286 INFO Page 157 processed with pypdf_text in 5.26s
2026-06-25 16:00:29,286 INFO Page 158 processed with pypdfium in 12.46s
2026-06-25 19:04:05,281 INFO {'document': '3M_2015_10K', 'status': 'PROCESSING_STARTED', 'stage': 'MASKING'}
2026-06-25 19:04:12,003 INFO nlp_engine not provided, creating default.
2026-06-25 19:04:15,041 INFO Created NLP engine: spacy. Loaded models: ['en']
2026-06-25 19:04:15,041 INFO registry not provided, creating default.
2026-06-25 19:04:15,072 INFO Loaded recognizer: CreditCardRecognizer
2026-06-25 19:04:15,072 INFO Loaded recognizer: CreditCardRecognizer
2026-06-25 19:04:15,072 INFO Loaded recognizer: CreditCardRecognizer
2026-06-25 19:04:15,072 INFO Loaded recognizer: CreditCardRecognizer
2026-06-25 19:04:15,072 INFO Loaded recognizer: UsBankRecognizer
2026-06-25 19:04:15,072 INFO Loaded recognizer: UsLicenseRecognizer
2026-06-25 19:04:15,072 INFO Loaded recognizer: UsItinRecognizer
2026-06-25 19:04:15,072 INFO Loaded recognizer: UsPassportRecognizer
2026-06-25 19:04:15,072 INFO Loaded recognizer: UsSsnRecognizer
2026-06-25 19:04:15,072 INFO Loaded recognizer: NhsRecognizer
2026-06-25 19:04:15,072 INFO Loaded recognizer: EsNifRecognizer
2026-06-25 19:04:15,072 INFO Loaded recognizer: EsNieRecognizer
2026-06-25 19:04:15,072 INFO Loaded recognizer: ItDriverLicenseRecognizer
2026-06-25 19:04:15,072 INFO Loaded recognizer: ItFiscalCodeRecognizer
2026-06-25 19:04:15,072 INFO Loaded recognizer: ItVatCodeRecognizer
2026-06-25 19:04:15,072 INFO Loaded recognizer: ItIdentityCardRecognizer
2026-06-25 19:04:15,072 INFO Loaded recognizer: ItPassportRecognizer
2026-06-25 19:04:15,072 INFO Loaded recognizer: PlPeselRecognizer
2026-06-25 19:04:15,072 INFO Loaded recognizer: CryptoRecognizer
2026-06-25 19:04:15,072 INFO Loaded recognizer: DateRecognizer
2026-06-25 19:04:15,072 INFO Loaded recognizer: EmailRecognizer
2026-06-25 19:04:15,072 INFO Loaded recognizer: IbanRecognizer
2026-06-25 19:04:15,072 INFO Loaded recognizer: IpRecognizer
2026-06-25 19:04:15,072 INFO Loaded recognizer: MedicalLicenseRecognizer
2026-06-25 19:04:15,072 INFO Loaded recognizer: MacAddressRecognizer
2026-06-25 19:04:15,072 INFO Loaded recognizer: PhoneRecognizer
2026-06-25 19:04:15,072 INFO Loaded recognizer: UrlRecognizer
2026-06-25 19:04:15,072 WARNING Recognizer not added to registry because language is not supported by registry - CreditCardRecognizer supported languages: es, registry supported languages: en
2026-06-25 19:04:15,072 WARNING Recognizer not added to registry because language is not supported by registry - CreditCardRecognizer supported languages: it, registry supported languages: en
2026-06-25 19:04:15,072 WARNING Recognizer not added to registry because language is not supported by registry - CreditCardRecognizer supported languages: pl, registry supported languages: en
2026-06-25 19:04:15,072 WARNING Recognizer not added to registry because language is not supported by registry - EsNifRecognizer supported languages: es, registry supported languages: en
2026-06-25 19:04:15,072 WARNING Recognizer not added to registry because language is not supported by registry - EsNieRecognizer supported languages: es, registry supported languages: en
2026-06-25 19:04:15,072 WARNING Recognizer not added to registry because language is not supported by registry - ItDriverLicenseRecognizer supported languages: it, registry supported languages: en
2026-06-25 19:04:15,072 WARNING Recognizer not added to registry because language is not supported by registry - ItFiscalCodeRecognizer supported languages: it, registry supported languages: en
2026-06-25 19:04:15,072 WARNING Recognizer not added to registry because language is not supported by registry - ItVatCodeRecognizer supported languages: it, registry supported languages: en
2026-06-25 19:04:15,072 WARNING Recognizer not added to registry because language is not supported by registry - ItIdentityCardRecognizer supported languages: it, registry supported languages: en
2026-06-25 19:04:15,072 WARNING Recognizer not added to registry because language is not supported by registry - ItPassportRecognizer supported languages: it, registry supported languages: en
2026-06-25 19:04:15,072 WARNING Recognizer not added to registry because language is not supported by registry - PlPeselRecognizer supported languages: pl, registry supported languages: en
2026-06-25 19:04:15,072 INFO Loaded recognizer: SpacyRecognizer
2026-06-25 19:05:13,850 INFO {'document': '3M_2015_10K', 'stage': 'MASKING', 'status': 'PROCESSING_FINISHED', 'entities_in_file': 819, 'latency': '61.85s'}
2026-06-25 20:59:27,474 INFO nlp_engine not provided, creating default.
2026-06-25 20:59:27,518 INFO nlp_engine not provided, creating default.
2026-06-25 20:59:27,597 INFO nlp_engine not provided, creating default.
2026-06-25 20:59:27,629 INFO nlp_engine not provided, creating default.
2026-06-25 20:59:34,174 INFO Created NLP engine: spacy. Loaded models: ['en']
2026-06-25 20:59:34,175 INFO registry not provided, creating default.
2026-06-25 20:59:34,187 INFO Created NLP engine: spacy. Loaded models: ['en']
2026-06-25 20:59:34,187 INFO registry not provided, creating default.
2026-06-25 20:59:34,403 INFO Loaded recognizer: CreditCardRecognizer
2026-06-25 20:59:34,405 INFO Loaded recognizer: CreditCardRecognizer
2026-06-25 20:59:34,405 INFO Loaded recognizer: CreditCardRecognizer
2026-06-25 20:59:34,405 INFO Loaded recognizer: CreditCardRecognizer
2026-06-25 20:59:34,407 INFO Loaded recognizer: UsBankRecognizer
2026-06-25 20:59:34,407 INFO Loaded recognizer: UsLicenseRecognizer
2026-06-25 20:59:34,409 INFO Loaded recognizer: UsItinRecognizer
2026-06-25 20:59:34,409 INFO Loaded recognizer: UsPassportRecognizer
2026-06-25 20:59:34,411 INFO Loaded recognizer: UsSsnRecognizer
2026-06-25 20:59:34,412 INFO Loaded recognizer: NhsRecognizer
2026-06-25 20:59:34,412 INFO Loaded recognizer: EsNifRecognizer
2026-06-25 20:59:34,413 INFO Loaded recognizer: EsNieRecognizer
2026-06-25 20:59:34,414 INFO Loaded recognizer: ItDriverLicenseRecognizer
2026-06-25 20:59:34,414 INFO Loaded recognizer: ItFiscalCodeRecognizer
2026-06-25 20:59:34,415 INFO Loaded recognizer: ItVatCodeRecognizer
2026-06-25 20:59:34,416 INFO Loaded recognizer: ItIdentityCardRecognizer
2026-06-25 20:59:34,416 INFO Loaded recognizer: ItPassportRecognizer
2026-06-25 20:59:34,415 INFO Loaded recognizer: CreditCardRecognizer
2026-06-25 20:59:34,417 INFO Loaded recognizer: PlPeselRecognizer
2026-06-25 20:59:34,417 INFO Loaded recognizer: CreditCardRecognizer
2026-06-25 20:59:34,417 INFO Loaded recognizer: CryptoRecognizer
2026-06-25 20:59:34,418 INFO Loaded recognizer: CreditCardRecognizer
2026-06-25 20:59:34,418 INFO Loaded recognizer: DateRecognizer
2026-06-25 20:59:34,418 INFO Loaded recognizer: CreditCardRecognizer
2026-06-25 20:59:34,418 INFO Loaded recognizer: EmailRecognizer
2026-06-25 20:59:34,419 INFO Loaded recognizer: UsBankRecognizer
2026-06-25 20:59:34,419 INFO Loaded recognizer: IbanRecognizer
2026-06-25 20:59:34,419 INFO Loaded recognizer: UsLicenseRecognizer
2026-06-25 20:59:34,420 INFO Loaded recognizer: IpRecognizer
2026-06-25 20:59:34,421 INFO Loaded recognizer: MedicalLicenseRecognizer
2026-06-25 20:59:34,421 INFO Loaded recognizer: UsItinRecognizer
2026-06-25 20:59:34,421 INFO Loaded recognizer: UsPassportRecognizer
2026-06-25 20:59:34,421 INFO Loaded recognizer: MacAddressRecognizer
2026-06-25 20:59:34,422 INFO Loaded recognizer: UsSsnRecognizer
2026-06-25 20:59:34,423 INFO Loaded recognizer: PhoneRecognizer
2026-06-25 20:59:34,424 INFO Loaded recognizer: UrlRecognizer
2026-06-25 20:59:34,424 WARNING Recognizer not added to registry because language is not supported by registry - CreditCardRecognizer supported languages: es, registry supported languages: en
2026-06-25 20:59:34,424 WARNING Recognizer not added to registry because language is not supported by registry - CreditCardRecognizer supported languages: it, registry supported languages: en
2026-06-25 20:59:34,424 INFO Loaded recognizer: EsNifRecognizer
2026-06-25 20:59:34,425 WARNING Recognizer not added to registry because language is not supported by registry - CreditCardRecognizer supported languages: pl, registry supported languages: en
2026-06-25 20:59:34,425 WARNING Recognizer not added to registry because language is not supported by registry - EsNifRecognizer supported languages: es, registry supported languages: en
2026-06-25 20:59:34,425 WARNING Recognizer not added to registry because language is not supported by registry - EsNieRecognizer supported languages: es, registry supported languages: en
2026-06-25 20:59:34,425 WARNING Recognizer not added to registry because language is not supported by registry - ItDriverLicenseRecognizer supported languages: it, registry supported languages: en
2026-06-25 20:59:34,425 INFO Loaded recognizer: EsNieRecognizer
2026-06-25 20:59:34,426 WARNING Recognizer not added to registry because language is not supported by registry - ItFiscalCodeRecognizer supported languages: it, registry supported languages: en
2026-06-25 20:59:34,426 WARNING Recognizer not added to registry because language is not supported by registry - ItVatCodeRecognizer supported languages: it, registry supported languages: en
2026-06-25 20:59:34,426 WARNING Recognizer not added to registry because language is not supported by registry - ItIdentityCardRecognizer supported languages: it, registry supported languages: en
2026-06-25 20:59:34,426 INFO Loaded recognizer: ItDriverLicenseRecognizer
2026-06-25 20:59:34,426 WARNING Recognizer not added to registry because language is not supported by registry - ItPassportRecognizer supported languages: it, registry supported languages: en
2026-06-25 20:59:34,426 WARNING Recognizer not added to registry because language is not supported by registry - PlPeselRecognizer supported languages: pl, registry supported languages: en
2026-06-25 20:59:34,426 INFO Loaded recognizer: SpacyRecognizer
2026-06-25 20:59:34,428 INFO Loaded recognizer: ItFiscalCodeRecognizer
2026-06-25 20:59:34,428 INFO Loaded recognizer: ItVatCodeRecognizer
2026-06-25 20:59:34,429 INFO Loaded recognizer: ItIdentityCardRecognizer
2026-06-25 20:59:34,431 INFO Loaded recognizer: ItPassportRecognizer
2026-06-25 20:59:34,432 INFO Loaded recognizer: PlPeselRecognizer
2026-06-25 20:59:34,432 INFO Loaded recognizer: CryptoRecognizer
2026-06-25 20:59:34,433 INFO Loaded recognizer: DateRecognizer
2026-06-25 20:59:34,434 INFO Loaded recognizer: EmailRecognizer
2026-06-25 20:59:34,434 INFO Loaded recognizer: IbanRecognizer
2026-06-25 20:59:34,435 INFO Loaded recognizer: IpRecognizer
2026-06-25 20:59:34,436 INFO Loaded recognizer: MedicalLicenseRecognizer
2026-06-25 20:59:34,436 INFO Loaded recognizer: MacAddressRecognizer
2026-06-25 20:59:34,437 INFO Loaded recognizer: PhoneRecognizer
2026-06-25 20:59:34,438 INFO Loaded recognizer: UrlRecognizer
2026-06-25 20:59:34,439 WARNING Recognizer not added to registry because language is not supported by registry - CreditCardRecognizer supported languages: es, registry supported languages: en
2026-06-25 20:59:34,439 WARNING Recognizer not added to registry because language is not supported by registry - CreditCardRecognizer supported languages: it, registry supported languages: en
2026-06-25 20:59:34,439 WARNING Recognizer not added to registry because language is not supported by registry - CreditCardRecognizer supported languages: pl, registry supported languages: en
2026-06-25 20:59:34,439 WARNING Recognizer not added to registry because language is not supported by registry - EsNifRecognizer supported languages: es, registry supported languages: en
2026-06-25 20:59:34,440 WARNING Recognizer not added to registry because language is not supported by registry - EsNieRecognizer supported languages: es, registry supported languages: en
2026-06-25 20:59:34,441 WARNING Recognizer not added to registry because language is not supported by registry - ItDriverLicenseRecognizer supported languages: it, registry supported languages: en
2026-06-25 20:59:34,441 WARNING Recognizer not added to registry because language is not supported by registry - ItFiscalCodeRecognizer supported languages: it, registry supported languages: en
2026-06-25 20:59:34,449 WARNING Recognizer not added to registry because language is not supported by registry - ItVatCodeRecognizer supported languages: it, registry supported languages: en
2026-06-25 20:59:34,451 WARNING Recognizer not added to registry because language is not supported by registry - ItIdentityCardRecognizer supported languages: it, registry supported languages: en
2026-06-25 20:59:34,451 WARNING Recognizer not added to registry because language is not supported by registry - ItPassportRecognizer supported languages: it, registry supported languages: en
2026-06-25 20:59:34,453 WARNING Recognizer not added to registry because language is not supported by registry - PlPeselRecognizer supported languages: pl, registry supported languages: en
2026-06-25 20:59:34,453 INFO Loaded recognizer: SpacyRecognizer
2026-06-25 20:59:34,893 INFO Created NLP engine: spacy. Loaded models: ['en']
2026-06-25 20:59:34,893 INFO registry not provided, creating default.
2026-06-25 20:59:34,915 INFO Created NLP engine: spacy. Loaded models: ['en']
2026-06-25 20:59:34,917 INFO registry not provided, creating default.
2026-06-25 20:59:35,036 INFO Loaded recognizer: CreditCardRecognizer
2026-06-25 20:59:35,038 INFO Loaded recognizer: CreditCardRecognizer
2026-06-25 20:59:35,038 INFO Loaded recognizer: CreditCardRecognizer
2026-06-25 20:59:35,039 INFO Loaded recognizer: CreditCardRecognizer
2026-06-25 20:59:35,039 INFO Loaded recognizer: UsBankRecognizer
2026-06-25 20:59:35,039 INFO Loaded recognizer: UsLicenseRecognizer
2026-06-25 20:59:35,040 INFO Loaded recognizer: UsItinRecognizer
2026-06-25 20:59:35,041 INFO Loaded recognizer: UsPassportRecognizer
2026-06-25 20:59:35,041 INFO Loaded recognizer: UsSsnRecognizer
2026-06-25 20:59:35,042 INFO Loaded recognizer: NhsRecognizer
2026-06-25 20:59:35,043 INFO Loaded recognizer: EsNifRecognizer
2026-06-25 20:59:35,044 INFO Loaded recognizer: EsNieRecognizer
2026-06-25 20:59:35,044 INFO Loaded recognizer: ItDriverLicenseRecognizer
2026-06-25 20:59:35,045 INFO Loaded recognizer: ItFiscalCodeRecognizer
2026-06-25 20:59:35,045 INFO Loaded recognizer: ItVatCodeRecognizer
2026-06-25 20:59:35,046 INFO Loaded recognizer: ItIdentityCardRecognizer
2026-06-25 20:59:35,046 INFO Loaded recognizer: ItPassportRecognizer
2026-06-25 20:59:35,046 INFO Loaded recognizer: PlPeselRecognizer
2026-06-25 20:59:35,047 INFO Loaded recognizer: CryptoRecognizer
2026-06-25 20:59:35,049 INFO Loaded recognizer: DateRecognizer
2026-06-25 20:59:35,049 INFO Loaded recognizer: EmailRecognizer
2026-06-25 20:59:35,050 INFO Loaded recognizer: IbanRecognizer
2026-06-25 20:59:35,050 INFO Loaded recognizer: IpRecognizer
2026-06-25 20:59:35,050 INFO Loaded recognizer: MedicalLicenseRecognizer
2026-06-25 20:59:35,051 INFO Loaded recognizer: MacAddressRecognizer
2026-06-25 20:59:35,052 INFO Loaded recognizer: PhoneRecognizer
2026-06-25 20:59:35,052 INFO Loaded recognizer: UrlRecognizer
2026-06-25 20:59:35,053 WARNING Recognizer not added to registry because language is not supported by registry - CreditCardRecognizer supported languages: es, registry supported languages: en
2026-06-25 20:59:35,053 WARNING Recognizer not added to registry because language is not supported by registry - CreditCardRecognizer supported languages: it, registry supported languages: en
2026-06-25 20:59:35,053 WARNING Recognizer not added to registry because language is not supported by registry - CreditCardRecognizer supported languages: pl, registry supported languages: en
2026-06-25 20:59:35,053 WARNING Recognizer not added to registry because language is not supported by registry - EsNifRecognizer supported languages: es, registry supported languages: en
2026-06-25 20:59:35,053 WARNING Recognizer not added to registry because language is not supported by registry - EsNieRecognizer supported languages: es, registry supported languages: en
2026-06-25 20:59:35,054 WARNING Recognizer not added to registry because language is not supported by registry - ItDriverLicenseRecognizer supported languages: it, registry supported languages: en
2026-06-25 20:59:35,054 WARNING Recognizer not added to registry because language is not supported by registry - ItFiscalCodeRecognizer supported languages: it, registry supported languages: en
2026-06-25 20:59:35,054 WARNING Recognizer not added to registry because language is not supported by registry - ItVatCodeRecognizer supported languages: it, registry supported languages: en
2026-06-25 20:59:35,054 WARNING Recognizer not added to registry because language is not supported by registry - ItIdentityCardRecognizer supported languages: it, registry supported languages: en
2026-06-25 20:59:35,054 WARNING Recognizer not added to registry because language is not supported by registry - ItPassportRecognizer supported languages: it, registry supported languages: en
2026-06-25 20:59:35,055 WARNING Recognizer not added to registry because language is not supported by registry - PlPeselRecognizer supported languages: pl, registry supported languages: en
2026-06-25 20:59:35,055 INFO Loaded recognizer: SpacyRecognizer
2026-06-25 20:59:35,066 INFO Loaded recognizer: CreditCardRecognizer
2026-06-25 20:59:35,067 INFO Loaded recognizer: CreditCardRecognizer
2026-06-25 20:59:35,067 INFO Loaded recognizer: CreditCardRecognizer
2026-06-25 20:59:35,069 INFO Loaded recognizer: CreditCardRecognizer
2026-06-25 20:59:35,069 INFO Loaded recognizer: UsBankRecognizer
2026-06-25 20:59:35,069 INFO Loaded recognizer: UsLicenseRecognizer
2026-06-25 20:59:35,071 INFO Loaded recognizer: UsItinRecognizer
2026-06-25 20:59:35,072 INFO Loaded recognizer: UsPassportRecognizer
2026-06-25 20:59:35,074 INFO Loaded recognizer: UsSsnRecognizer
2026-06-25 20:59:35,075 INFO Loaded recognizer: NhsRecognizer
2026-06-25 20:59:35,081 INFO Loaded recognizer: EsNifRecognizer
2026-06-25 20:59:35,081 INFO Loaded recognizer: EsNieRecognizer
2026-06-25 20:59:35,082 INFO Loaded recognizer: ItDriverLicenseRecognizer
2026-06-25 20:59:35,085 INFO Loaded recognizer: ItFiscalCodeRecognizer
2026-06-25 20:59:35,085 INFO Loaded recognizer: ItVatCodeRecognizer
2026-06-25 20:59:35,087 INFO Loaded recognizer: ItIdentityCardRecognizer
2026-06-25 20:59:35,088 INFO Loaded recognizer: ItPassportRecognizer
2026-06-25 20:59:35,089 INFO Loaded recognizer: PlPeselRecognizer
2026-06-25 20:59:35,099 INFO Loaded recognizer: CryptoRecognizer
2026-06-25 20:59:35,100 INFO Loaded recognizer: DateRecognizer
2026-06-25 20:59:35,100 INFO Loaded recognizer: EmailRecognizer
2026-06-25 20:59:35,100 INFO Loaded recognizer: IbanRecognizer
2026-06-25 20:59:35,103 INFO Loaded recognizer: IpRecognizer
2026-06-25 20:59:35,106 INFO Loaded recognizer: MedicalLicenseRecognizer
2026-06-25 20:59:35,108 INFO Loaded recognizer: MacAddressRecognizer
2026-06-25 20:59:35,112 INFO Loaded recognizer: PhoneRecognizer
2026-06-25 20:59:35,117 INFO Loaded recognizer: UrlRecognizer
2026-06-25 20:59:35,118 WARNING Recognizer not added to registry because language is not supported by registry - CreditCardRecognizer supported languages: es, registry supported languages: en
2026-06-25 20:59:35,118 WARNING Recognizer not added to registry because language is not supported by registry - CreditCardRecognizer supported languages: it, registry supported languages: en
2026-06-25 20:59:35,119 WARNING Recognizer not added to registry because language is not supported by registry - CreditCardRecognizer supported languages: pl, registry supported languages: en
2026-06-25 20:59:35,119 WARNING Recognizer not added to registry because language is not supported by registry - EsNifRecognizer supported languages: es, registry supported languages: en
2026-06-25 20:59:35,119 WARNING Recognizer not added to registry because language is not supported by registry - EsNieRecognizer supported languages: es, registry supported languages: en
2026-06-25 20:59:35,120 WARNING Recognizer not added to registry because language is not supported by registry - ItDriverLicenseRecognizer supported languages: it, registry supported languages: en
2026-06-25 20:59:35,122 WARNING Recognizer not added to registry because language is not supported by registry - ItFiscalCodeRecognizer supported languages: it, registry supported languages: en
2026-06-25 20:59:35,122 WARNING Recognizer not added to registry because language is not supported by registry - ItVatCodeRecognizer supported languages: it, registry supported languages: en
2026-06-25 20:59:35,122 WARNING Recognizer not added to registry because language is not supported by registry - ItIdentityCardRecognizer supported languages: it, registry supported languages: en
2026-06-25 20:59:35,122 WARNING Recognizer not added to registry because language is not supported by registry - ItPassportRecognizer supported languages: it, registry supported languages: en
2026-06-25 20:59:35,123 WARNING Recognizer not added to registry because language is not supported by registry - PlPeselRecognizer supported languages: pl, registry supported languages: en
2026-06-25 20:59:35,123 INFO Loaded recognizer: SpacyRecognizer
2026-06-25 21:03:51,117 ERROR {'document': '3M_2015_10K', 'stage': 'MASKING', 'page': 3, 'status': 'DLQ', 'engine': None, 'reason': 'Engine Masking Validation Rejected', 'retry_count': 0, 'error': 'PII Leakage Validation Failure: NLP Leaks detected: 3 items'}
2026-06-25 21:03:53,539 ERROR {'document': '3M_2015_10K', 'stage': 'MASKING', 'page': 1, 'status': 'DLQ', 'engine': None, 'reason': 'Engine Masking Validation Rejected', 'retry_count': 0, 'error': 'PII Leakage Validation Failure: NLP Leaks detected: 3 items'}
2026-06-25 21:03:55,190 ERROR {'document': '3M_2015_10K', 'stage': 'MASKING', 'page': 4, 'status': 'DLQ', 'engine': None, 'reason': 'Engine Masking Validation Rejected', 'retry_count': 0, 'error': 'PII Leakage Validation Failure: NLP Leaks detected: 3 items'}
2026-06-25 21:03:55,455 ERROR {'document': '3M_2015_10K', 'stage': 'MASKING', 'page': 2, 'status': 'DLQ', 'engine': None, 'reason': 'Engine Masking Validation Rejected', 'retry_count': 0, 'error': 'PII Leakage Validation Failure: NLP Leaks detected: 3 items'}
2026-06-25 21:07:13,770 ERROR {'document': '3M_2015_10K', 'stage': 'MASKING', 'page': 5, 'status': 'DLQ', 'engine': None, 'reason': 'Engine Masking Validation Rejected', 'retry_count': 0, 'error': 'PII Leakage Validation Failure: NLP Leaks detected: 3 items'}
2026-06-25 21:07:19,010 ERROR {'document': '3M_2015_10K', 'stage': 'MASKING', 'page': 6, 'status': 'DLQ', 'engine': None, 'reason': 'Engine Masking Validation Rejected', 'retry_count': 0, 'error': 'PII Leakage Validation Failure: NLP Leaks detected: 3 items'}
2026-06-25 21:07:20,722 ERROR {'document': '3M_2015_10K', 'stage': 'MASKING', 'page': 8, 'status': 'DLQ', 'engine': None, 'reason': 'Engine Masking Validation Rejected', 'retry_count': 0, 'error': 'PII Leakage Validation Failure: NLP Leaks detected: 3 items'}
2026-06-25 21:07:22,493 ERROR {'document': '3M_2015_10K', 'stage': 'MASKING', 'page': 7, 'status': 'DLQ', 'engine': None, 'reason': 'Engine Masking Validation Rejected', 'retry_count': 0, 'error': 'PII Leakage Validation Failure: NLP Leaks detected: 3 items'}
2026-06-25 21:10:05,569 ERROR {'document': '3M_2015_10K', 'stage': 'MASKING', 'page': 9, 'status': 'DLQ', 'engine': None, 'reason': 'Engine Masking Validation Rejected', 'retry_count': 0, 'error': 'PII Leakage Validation Failure: NLP Leaks detected: 3 items'}
2026-06-25 21:10:10,673 ERROR {'document': '3M_2015_10K', 'stage': 'MASKING', 'page': 10, 'status': 'DLQ', 'engine': None, 'reason': 'Engine Masking Validation Rejected', 'retry_count': 0, 'error': 'PII Leakage Validation Failure: NLP Leaks detected: 3 items'}
2026-06-25 21:10:19,428 ERROR {'document': '3M_2015_10K', 'stage': 'MASKING', 'page': 12, 'status': 'DLQ', 'engine': None, 'reason': 'Engine Masking Validation Rejected', 'retry_count': 0, 'error': 'PII Leakage Validation Failure: NLP Leaks detected: 3 items'}
2026-06-25 21:10:39,402 ERROR {'document': '3M_2015_10K', 'stage': 'MASKING', 'page': 11, 'status': 'DLQ', 'engine': None, 'reason': 'Engine Masking Validation Rejected', 'retry_count': 0, 'error': 'PII Leakage Validation Failure: NLP Leaks detected: 3 items'}
2026-06-25 21:13:05,487 ERROR {'document': '3M_2015_10K', 'stage': 'MASKING', 'page': 13, 'status': 'DLQ', 'engine': None, 'reason': 'Engine Masking Validation Rejected', 'retry_count': 0, 'error': 'PII Leakage Validation Failure: NLP Leaks detected: 3 items'}
2026-06-25 21:13:11,130 ERROR {'document': '3M_2015_10K', 'stage': 'MASKING', 'page': 14, 'status': 'DLQ', 'engine': None, 'reason': 'Engine Masking Validation Rejected', 'retry_count': 0, 'error': 'PII Leakage Validation Failure: NLP Leaks detected: 3 items'}
2026-06-25 21:13:16,798 ERROR {'document': '3M_2015_10K', 'stage': 'MASKING', 'page': 15, 'status': 'DLQ', 'engine': None, 'reason': 'Engine Masking Validation Rejected', 'retry_count': 0, 'error': 'PII Leakage Validation Failure: NLP Leaks detected: 3 items'}
2026-06-25 21:13:36,155 ERROR {'document': '3M_2015_10K', 'stage': 'MASKING', 'page': 16, 'status': 'DLQ', 'engine': None, 'reason': 'Engine Masking Validation Rejected', 'retry_count': 0, 'error': 'PII Leakage Validation Failure: NLP Leaks detected: 3 items'}
2026-06-25 21:15:48,535 ERROR {'document': '3M_2015_10K', 'stage': 'MASKING', 'page': 17, 'status': 'DLQ', 'engine': None, 'reason': 'Engine Masking Validation Rejected', 'retry_count': 0, 'error': 'PII Leakage Validation Failure: NLP Leaks detected: 3 items'}
2026-06-25 21:15:53,509 ERROR {'document': '3M_2015_10K', 'stage': 'MASKING', 'page': 18, 'status': 'DLQ', 'engine': None, 'reason': 'Engine Masking Validation Rejected', 'retry_count': 0, 'error': 'PII Leakage Validation Failure: NLP Leaks detected: 3 items'}
2026-06-25 21:15:58,538 ERROR {'document': '3M_2015_10K', 'stage': 'MASKING', 'page': 19, 'status': 'DLQ', 'engine': None, 'reason': 'Engine Masking Validation Rejected', 'retry_count': 0, 'error': 'PII Leakage Validation Failure: NLP Leaks detected: 3 items'}
2026-06-25 21:16:12,492 ERROR {'document': '3M_2015_10K', 'stage': 'MASKING', 'page': 20, 'status': 'DLQ', 'engine': None, 'reason': 'Engine Masking Validation Rejected', 'retry_count': 0, 'error': 'PII Leakage Validation Failure: NLP Leaks detected: 3 items'}
2026-06-25 21:18:25,809 ERROR {'document': '3M_2015_10K', 'stage': 'MASKING', 'page': 21, 'status': 'DLQ', 'engine': None, 'reason': 'Engine Masking Validation Rejected', 'retry_count': 0, 'error': 'PII Leakage Validation Failure: NLP Leaks detected: 3 items'}
2026-06-25 21:18:28,366 ERROR {'document': '3M_2015_10K', 'stage': 'MASKING', 'page': 22, 'status': 'DLQ', 'engine': None, 'reason': 'Engine Masking Validation Rejected', 'retry_count': 0, 'error': 'PII Leakage Validation Failure: NLP Leaks detected: 3 items'}
2026-06-25 21:18:34,296 ERROR {'document': '3M_2015_10K', 'stage': 'MASKING', 'page': 23, 'status': 'DLQ', 'engine': None, 'reason': 'Engine Masking Validation Rejected', 'retry_count': 0, 'error': 'PII Leakage Validation Failure: NLP Leaks detected: 3 items'}
2026-06-25 21:18:46,859 ERROR {'document': '3M_2015_10K', 'stage': 'MASKING', 'page': 24, 'status': 'DLQ', 'engine': None, 'reason': 'Engine Masking Validation Rejected', 'retry_count': 0, 'error': 'PII Leakage Validation Failure: NLP Leaks detected: 3 items'}
2026-06-25 21:21:11,094 ERROR {'document': '3M_2015_10K', 'stage': 'MASKING', 'page': 25, 'status': 'DLQ', 'engine': None, 'reason': 'Engine Masking Validation Rejected', 'retry_count': 0, 'error': 'PII Leakage Validation Failure: NLP Leaks detected: 3 items'}
2026-06-25 21:21:13,878 ERROR {'document': '3M_2015_10K', 'stage': 'MASKING', 'page': 26, 'status': 'DLQ', 'engine': None, 'reason': 'Engine Masking Validation Rejected', 'retry_count': 0, 'error': 'PII Leakage Validation Failure: NLP Leaks detected: 3 items'}
2026-06-25 21:21:19,477 ERROR {'document': '3M_2015_10K', 'stage': 'MASKING', 'page': 27, 'status': 'DLQ', 'engine': None, 'reason': 'Engine Masking Validation Rejected', 'retry_count': 0, 'error': 'PII Leakage Validation Failure: NLP Leaks detected: 3 items'}
2026-06-25 21:21:33,085 ERROR {'document': '3M_2015_10K', 'stage': 'MASKING', 'page': 28, 'status': 'DLQ', 'engine': None, 'reason': 'Engine Masking Validation Rejected', 'retry_count': 0, 'error': 'PII Leakage Validation Failure: NLP Leaks detected: 3 items'}
2026-06-25 21:41:41,104 INFO nlp_engine not provided, creating default.
2026-06-25 21:41:41,121 INFO nlp_engine not provided, creating default.
2026-06-25 21:41:41,304 INFO nlp_engine not provided, creating default.
2026-06-25 21:41:41,308 INFO nlp_engine not provided, creating default.
2026-06-25 21:41:47,942 INFO Created NLP engine: spacy. Loaded models: ['en']
2026-06-25 21:41:47,942 INFO registry not provided, creating default.
2026-06-25 21:41:47,945 INFO Created NLP engine: spacy. Loaded models: ['en']
2026-06-25 21:41:47,945 INFO registry not provided, creating default.
2026-06-25 21:41:47,952 INFO Created NLP engine: spacy. Loaded models: ['en']
2026-06-25 21:41:47,959 INFO registry not provided, creating default.
2026-06-25 21:41:48,133 INFO Loaded recognizer: CreditCardRecognizer
2026-06-25 21:41:48,135 INFO Loaded recognizer: CreditCardRecognizer
2026-06-25 21:41:48,135 INFO Loaded recognizer: CreditCardRecognizer
2026-06-25 21:41:48,135 INFO Loaded recognizer: CreditCardRecognizer
2026-06-25 21:41:48,137 INFO Loaded recognizer: UsBankRecognizer
2026-06-25 21:41:48,137 INFO Loaded recognizer: UsLicenseRecognizer
2026-06-25 21:41:48,137 INFO Loaded recognizer: UsItinRecognizer
2026-06-25 21:41:48,139 INFO Loaded recognizer: UsPassportRecognizer
2026-06-25 21:41:48,139 INFO Loaded recognizer: CreditCardRecognizer
2026-06-25 21:41:48,140 INFO Loaded recognizer: UsSsnRecognizer
2026-06-25 21:41:48,140 INFO Loaded recognizer: CreditCardRecognizer
2026-06-25 21:41:48,142 INFO Loaded recognizer: CreditCardRecognizer
2026-06-25 21:41:48,142 INFO Loaded recognizer: CreditCardRecognizer
2026-06-25 21:41:48,143 INFO Loaded recognizer: EsNifRecognizer
2026-06-25 21:41:48,144 INFO Loaded recognizer: UsBankRecognizer
2026-06-25 21:41:48,144 INFO Loaded recognizer: EsNieRecognizer
2026-06-25 21:41:48,144 INFO Loaded recognizer: UsLicenseRecognizer
2026-06-25 21:41:48,146 INFO Loaded recognizer: ItDriverLicenseRecognizer
2026-06-25 21:41:48,146 INFO Loaded recognizer: UsItinRecognizer
2026-06-25 21:41:48,146 INFO Loaded recognizer: ItFiscalCodeRecognizer
2026-06-25 21:41:48,147 INFO Loaded recognizer: UsPassportRecognizer
2026-06-25 21:41:48,147 INFO Loaded recognizer: ItVatCodeRecognizer
2026-06-25 21:41:48,147 INFO Loaded recognizer: UsSsnRecognizer
2026-06-25 21:41:48,148 INFO Loaded recognizer: NhsRecognizer
2026-06-25 21:41:48,148 INFO Loaded recognizer: ItIdentityCardRecognizer
2026-06-25 21:41:48,148 INFO Loaded recognizer: ItPassportRecognizer
2026-06-25 21:41:48,148 INFO Loaded recognizer: EsNifRecognizer
2026-06-25 21:41:48,149 INFO Loaded recognizer: PlPeselRecognizer
2026-06-25 21:41:48,149 INFO Loaded recognizer: EsNieRecognizer
2026-06-25 21:41:48,149 INFO Loaded recognizer: CryptoRecognizer
2026-06-25 21:41:48,149 INFO Loaded recognizer: ItDriverLicenseRecognizer
2026-06-25 21:41:48,150 INFO Loaded recognizer: DateRecognizer
2026-06-25 21:41:48,150 INFO Loaded recognizer: EmailRecognizer
2026-06-25 21:41:48,150 INFO Loaded recognizer: ItFiscalCodeRecognizer
2026-06-25 21:41:48,150 INFO Loaded recognizer: IbanRecognizer
2026-06-25 21:41:48,150 INFO Loaded recognizer: IpRecognizer
2026-06-25 21:41:48,150 INFO Loaded recognizer: ItVatCodeRecognizer
2026-06-25 21:41:48,151 INFO Loaded recognizer: MedicalLicenseRecognizer
2026-06-25 21:41:48,151 INFO Loaded recognizer: ItIdentityCardRecognizer
2026-06-25 21:41:48,151 INFO Loaded recognizer: MacAddressRecognizer
2026-06-25 21:41:48,152 INFO Loaded recognizer: PhoneRecognizer
zer
2026-06-25 21:41:48,152 INFO Loaded recognizer: PlPeselRecognizer
2026-06-25 21:41:48,152 INFO Loaded recognizer: UrlRecognizer
2026-06-25 21:41:48,153 WARNING Recognizer not added to registry because language is not supported by registry - CreditCardRecognizer supported languages: es, registry supported languages: en
2026-06-25 21:41:48,153 WARNING Recognizer not added to registry because language is not supported by registry - CreditCardRecognizer supported languages: it, registry supported languages: en
2026-06-25 21:41:48,153 INFO Loaded recognizer: CryptoRecognizer
2026-06-25 21:41:48,153 WARNING Recognizer not added to registry because language is not supported by registry - CreditCardRecognizer supported languages: pl, registry supported languages: en
2026-06-25 21:41:48,153 WARNING Recognizer not added to registry because language is not supported by registry - EsNifRecognizer supported languages: es, registry supported languages: en
2026-06-25 21:41:48,154 WARNING Recognizer not added to registry because language is not supported by registry - EsNieRecognizer supported languages: es, registry supported languages: en
2026-06-25 21:41:48,154 INFO Loaded recognizer: DateRecognizer
2026-06-25 21:41:48,155 WARNING Recognizer not added to registry because language is not supported by registry - ItDriverLicenseRecognizer supported languages: it, registry supported languages: en
2026-06-25 21:41:48,155 WARNING Recognizer not added to registry because language is not supported by registry - ItFiscalCodeRecognizer supported languages: it, registry supported languages: en
2026-06-25 21:41:48,155 WARNING Recognizer not added to registry because language is not supported by registry - ItVatCodeRecognizer supported languages: it, registry supported languages: en
2026-06-25 21:41:48,155 INFO Loaded recognizer: EmailRecognizer
2026-06-25 21:41:48,155 WARNING Recognizer not added to registry because language is not supported by registry - ItIdentityCardRecognizer supported languages: it, registry supported languages: en
2026-06-25 21:41:48,155 WARNING Recognizer not added to registry because language is not supported by registry - ItPassportRecognizer supported languages: it, registry supported languages: en
2026-06-25 21:41:48,156 WARNING Recognizer not added to registry because language is not supported by registry - PlPeselRecognizer supported languages: pl, registry supported languages: en
2026-06-25 21:41:48,155 INFO Loaded recognizer: IbanRecognizer
2026-06-25 21:41:48,156 INFO Loaded recognizer: SpacyRecognizer
2026-06-25 21:41:48,156 INFO Loaded recognizer: IpRecognizer
2026-06-25 21:41:48,157 INFO Loaded recognizer: MedicalLicenseRecognizer
2026-06-25 21:41:48,157 INFO Loaded recognizer: MacAddressRecognizer
2026-06-25 21:41:48,158 INFO Loaded recognizer: PhoneRecognizer
2026-06-25 21:41:48,158 INFO Loaded recognizer: UrlRecognizer
2026-06-25 21:41:48,159 WARNING Recognizer not added to registry because language is not supported by registry - CreditCardRecognizer supported languages: es, registry supported languages: en
2026-06-25 21:41:48,160 WARNING Recognizer not added to registry because language is not supported by registry - CreditCardRecognizer supported languages: it, registry supported languages: en
2026-06-25 21:41:48,160 WARNING Recognizer not added to registry because language is not supported by registry - CreditCardRecognizer supported languages: pl, registry supported languages: en
2026-06-25 21:41:48,160 WARNING Recognizer not added to registry because language is not supported by registry - EsNifRecognizer supported languages: es, registry supported languages: en
2026-06-25 21:41:48,160 WARNING Recognizer not added to registry because language is not supported by registry - EsNieRecognizer supported languages: es, registry supported languages: en
2026-06-25 21:41:48,160 WARNING Recognizer not added to registry because language is not supported by registry - ItDriverLicenseRecognizer supported languages: it, registry supported languages: en
2026-06-25 21:41:48,161 WARNING Recognizer not added to registry because language is not supported by registry - ItFiscalCodeRecognizer supported languages: it, registry supported languages: en
2026-06-25 21:41:48,161 WARNING Recognizer not added to registry because language is not supported by registry - ItVatCodeRecognizer supported languages: it, registry supported languages: en
2026-06-25 21:41:48,161 WARNING Recognizer not added to registry because language is not supported by registry - ItIdentityCardRecognizer supported languages: it, registry supported languages: en
2026-06-25 21:41:48,161 WARNING Recognizer not added to registry because language is not supported by registry - ItPassportRecognizer supported languages: it, registry supported languages: en
2026-06-25 21:41:48,161 WARNING Recognizer not added to registry because language is not supported by registry - PlPeselRecognizer supported languages: pl, registry supported languages: en
2026-06-25 21:41:48,162 INFO Loaded recognizer: SpacyRecognizer
2026-06-25 21:41:48,174 INFO Loaded recognizer: CreditCardRecognizer
2026-06-25 21:41:48,174 INFO Loaded recognizer: CreditCardRecognizer
2026-06-25 21:41:48,175 INFO Loaded recognizer: CreditCardRecognizer
2026-06-25 21:41:48,176 INFO Loaded recognizer: CreditCardRecognizer
2026-06-25 21:41:48,176 INFO Loaded recognizer: UsBankRecognizer
2026-06-25 21:41:48,177 INFO Loaded recognizer: UsLicenseRecognizer
2026-06-25 21:41:48,177 INFO Loaded recognizer: UsItinRecognizer
2026-06-25 21:41:48,178 INFO Loaded recognizer: UsPassportRecognizer
2026-06-25 21:41:48,178 INFO Loaded recognizer: UsSsnRecognizer
2026-06-25 21:41:48,179 INFO Loaded recognizer: NhsRecognizer
2026-06-25 21:41:48,180 INFO Loaded recognizer: EsNifRecognizer
2026-06-25 21:41:48,180 INFO Loaded recognizer: EsNieRecognizer
2026-06-25 21:41:48,181 INFO Loaded recognizer: ItDriverLicenseRecognizer
2026-06-25 21:41:48,181 INFO Loaded recognizer: ItFiscalCodeRecognizer
2026-06-25 21:41:48,181 INFO Loaded recognizer: ItVatCodeRecognizer
2026-06-25 21:41:48,182 INFO Loaded recognizer: ItIdentityCardRecognizer
2026-06-25 21:41:48,182 INFO Loaded recognizer: ItPassportRecognizer
2026-06-25 21:41:48,182 INFO Loaded recognizer: PlPeselRecognizer
2026-06-25 21:41:48,183 INFO Loaded recognizer: CryptoRecognizer
2026-06-25 21:41:48,183 INFO Loaded recognizer: DateRecognizer
2026-06-25 21:41:48,183 INFO Loaded recognizer: EmailRecognizer
2026-06-25 21:41:48,183 INFO Loaded recognizer: IbanRecognizer
2026-06-25 21:41:48,184 INFO Loaded recognizer: IpRecognizer
2026-06-25 21:41:48,184 INFO Loaded recognizer: MedicalLicenseRecognizer
2026-06-25 21:41:48,184 INFO Loaded recognizer: MacAddressRecognizer
2026-06-25 21:41:48,184 INFO Loaded recognizer: PhoneRecognizer
2026-06-25 21:41:48,184 INFO Loaded recognizer: UrlRecognizer
2026-06-25 21:41:48,186 WARNING Recognizer not added to registry because language is not supported by registry - CreditCardRecognizer supported languages: es, registry supported languages: en
2026-06-25 21:41:48,186 WARNING Recognizer not added to registry because language is not supported by registry - CreditCardRecognizer supported languages: it, registry supported languages: en
2026-06-25 21:41:48,186 WARNING Recognizer not added to registry because language is not supported by registry - CreditCardRecognizer supported languages: pl, registry supported languages: en
2026-06-25 21:41:48,186 WARNING Recognizer not added to registry because language is not supported by registry - EsNifRecognizer supported languages: es, registry supported languages: en
2026-06-25 21:41:48,186 WARNING Recognizer not added to registry because language is not supported by registry - EsNieRecognizer supported languages: es, registry supported languages: en
2026-06-25 21:41:48,186 WARNING Recognizer not added to registry because language is not supported by registry - ItDriverLicenseRecognizer supported languages: it, registry supported languages: en
2026-06-25 21:41:48,186 WARNING Recognizer not added to registry because language is not supported by registry - ItFiscalCodeRecognizer supported languages: it, registry supported languages: en
2026-06-25 21:41:48,186 WARNING Recognizer not added to registry because language is not supported by registry - ItVatCodeRecognizer supported languages: it, registry supported languages: en
2026-06-25 21:41:48,186 WARNING Recognizer not added to registry because language is not supported by registry - ItIdentityCardRecognizer supported languages: it, registry supported languages: en
2026-06-25 21:41:48,187 WARNING Recognizer not added to registry because language is not supported by registry - ItPassportRecognizer supported languages: it, registry supported languages: en
2026-06-25 21:41:48,187 WARNING Recognizer not added to registry because language is not supported by registry - PlPeselRecognizer supported languages: pl, registry supported languages: en
2026-06-25 21:41:48,187 INFO Loaded recognizer: SpacyRecognizer
2026-06-25 21:41:48,266 INFO Created NLP engine: spacy. Loaded models: ['en']
2026-06-25 21:41:48,267 INFO registry not provided, creating default.
2026-06-25 21:41:48,387 INFO Loaded recognizer: CreditCardRecognizer
2026-06-25 21:41:48,388 INFO Loaded recognizer: CreditCardRecognizer
2026-06-25 21:41:48,388 INFO Loaded recognizer: CreditCardRecognizer
2026-06-25 21:41:48,388 INFO Loaded recognizer: CreditCardRecognizer
2026-06-25 21:41:48,389 INFO Loaded recognizer: UsBankRecognizer
2026-06-25 21:41:48,389 INFO Loaded recognizer: UsLicenseRecognizer
2026-06-25 21:41:48,389 INFO Loaded recognizer: UsItinRecognizer
2026-06-25 21:41:48,390 INFO Loaded recognizer: UsPassportRecognizer
2026-06-25 21:41:48,390 INFO Loaded recognizer: UsSsnRecognizer
2026-06-25 21:41:48,391 INFO Loaded recognizer: NhsRecognizer
2026-06-25 21:41:48,391 INFO Loaded recognizer: EsNifRecognizer
2026-06-25 21:41:48,391 INFO Loaded recognizer: EsNieRecognizer
2026-06-25 21:41:48,393 INFO Loaded recognizer: ItDriverLicenseRecognizer
2026-06-25 21:41:48,394 INFO Loaded recognizer: ItFiscalCodeRecognizer
2026-06-25 21:41:48,396 INFO Loaded recognizer: ItVatCodeRecognizer
2026-06-25 21:41:48,396 INFO Loaded recognizer: ItIdentityCardRecognizer
2026-06-25 21:41:48,397 INFO Loaded recognizer: ItPassportRecognizer
2026-06-25 21:41:48,398 INFO Loaded recognizer: PlPeselRecognizer
2026-06-25 21:41:48,398 INFO Loaded recognizer: CryptoRecognizer
2026-06-25 21:41:48,399 INFO Loaded recognizer: DateRecognizer
2026-06-25 21:41:48,401 INFO Loaded recognizer: EmailRecognizer
2026-06-25 21:41:48,401 INFO Loaded recognizer: IbanRecognizer
2026-06-25 21:41:48,402 INFO Loaded recognizer: IpRecognizer
2026-06-25 21:41:48,402 INFO Loaded recognizer: MedicalLicenseRecognizer
2026-06-25 21:41:48,403 INFO Loaded recognizer: MacAddressRecognizer
2026-06-25 21:41:48,404 INFO Loaded recognizer: PhoneRecognizer
2026-06-25 21:41:48,404 INFO Loaded recognizer: UrlRecognizer
2026-06-25 21:41:48,404 WARNING Recognizer not added to registry because language is not supported by registry - CreditCardRecognizer supported languages: es, registry supported languages: en
2026-06-25 21:41:48,405 WARNING Recognizer not added to registry because language is not supported by registry - CreditCardRecognizer supported languages: it, registry supported languages: en
2026-06-25 21:41:48,405 WARNING Recognizer not added to registry because language is not supported by registry - CreditCardRecognizer supported languages: pl, registry supported languages: en
2026-06-25 21:41:48,405 WARNING Recognizer not added to registry because language is not supported by registry - EsNifRecognizer supported languages: es, registry supported languages: en
2026-06-25 21:41:48,405 WARNING Recognizer not added to registry because language is not supported by registry - EsNieRecognizer supported languages: es, registry supported languages: en
2026-06-25 21:41:48,406 WARNING Recognizer not added to registry because language is not supported by registry - ItDriverLicenseRecognizer supported languages: it, registry supported languages: en
2026-06-25 21:41:48,406 WARNING Recognizer not added to registry because language is not supported by registry - ItFiscalCodeRecognizer supported languages: it, registry supported languages: en
2026-06-25 21:41:48,406 WARNING Recognizer not added to registry because language is not supported by registry - ItVatCodeRecognizer supported languages: it, registry supported languages: en
2026-06-25 21:41:48,406 WARNING Recognizer not added to registry because language is not supported by registry - ItIdentityCardRecognizer supported languages: it, registry supported languages: en
2026-06-25 21:41:48,406 WARNING Recognizer not added to registry because language is not supported by registry - ItPassportRecognizer supported languages: it, registry supported languages: en
2026-06-25 21:41:48,407 WARNING Recognizer not added to registry because language is not supported by registry - PlPeselRecognizer supported languages: pl, registry supported languages: en
2026-06-25 21:41:48,407 INFO Loaded recognizer: SpacyRecognizer
2026-06-25 21:41:49,017 INFO {'document': '3M_2015_10K', 'page': 2, 'stage': 'MASKING', 'status': 'PROCESSING_FINISHED', 'entities_in_page': 0, 'latency': '7.90s'}
2026-06-25 21:41:49,750 INFO {'document': '3M_2015_10K', 'page': 1, 'stage': 'MASKING', 'status': 'PROCESSING_FINISHED', 'entities_in_page': 10, 'latency': '8.65s'}
2026-06-25 21:41:49,811 INFO {'document': '3M_2015_10K', 'page': 3, 'stage': 'MASKING', 'status': 'PROCESSING_FINISHED', 'entities_in_page': 5, 'latency': '8.50s'}
2026-06-25 21:41:49,865 INFO {'document': '3M_2015_10K', 'page': 4, 'stage': 'MASKING', 'status': 'PROCESSING_FINISHED', 'entities_in_page': 2, 'latency': '8.56s'}
2026-06-25 21:41:50,385 INFO {'document': '3M_2015_10K', 'page': 5, 'stage': 'MASKING', 'status': 'PROCESSING_FINISHED', 'entities_in_page': 1, 'latency': '1.37s'}
2026-06-25 21:41:50,628 INFO {'document': '3M_2015_10K', 'page': 8, 'stage': 'MASKING', 'status': 'PROCESSING_FINISHED', 'entities_in_page': 12, 'latency': '0.76s'}
2026-06-25 21:41:50,729 INFO {'document': '3M_2015_10K', 'page': 7, 'stage': 'MASKING', 'status': 'PROCESSING_FINISHED', 'entities_in_page': 8, 'latency': '0.92s'}
2026-06-25 21:41:50,907 INFO {'document': '3M_2015_10K', 'page': 6, 'stage': 'MASKING', 'status': 'PROCESSING_FINISHED', 'entities_in_page': 1, 'latency': '1.16s'}
2026-06-25 21:41:51,586 INFO {'document': '3M_2015_10K', 'page': 12, 'stage': 'MASKING', 'status': 'PROCESSING_FINISHED', 'entities_in_page': 6, 'latency': '0.68s'}
2026-06-25 21:41:51,722 INFO {'document': '3M_2015_10K', 'page': 9, 'stage': 'MASKING', 'status': 'PROCESSING_FINISHED', 'entities_in_page': 3, 'latency': '1.34s'}
2026-06-25 21:41:52,172 INFO {'document': '3M_2015_10K', 'page': 10, 'stage': 'MASKING', 'status': 'PROCESSING_FINISHED', 'entities_in_page': 3, 'latency': '1.54s'}
2026-06-25 21:41:52,290 INFO {'document': '3M_2015_10K', 'page': 11, 'stage': 'MASKING', 'status': 'PROCESSING_FINISHED', 'entities_in_page': 0, 'latency': '1.56s'}
2026-06-25 21:41:52,473 INFO {'document': '3M_2015_10K', 'page': 13, 'stage': 'MASKING', 'status': 'PROCESSING_FINISHED', 'entities_in_page': 2, 'latency': '0.89s'}
2026-06-25 21:41:53,304 INFO {'document': '3M_2015_10K', 'page': 14, 'stage': 'MASKING', 'status': 'PROCESSING_FINISHED', 'entities_in_page': 2, 'latency': '1.57s'}
2026-06-25 21:41:53,346 INFO {'document': '3M_2015_10K', 'page': 15, 'stage': 'MASKING', 'status': 'PROCESSING_FINISHED', 'entities_in_page': 0, 'latency': '1.17s'}
2026-06-25 21:41:53,489 INFO {'document': '3M_2015_10K', 'page': 16, 'stage': 'MASKING', 'status': 'PROCESSING_FINISHED', 'entities_in_page': 6, 'latency': '1.20s'}
2026-06-25 21:41:54,624 INFO {'document': '3M_2015_10K', 'page': 17, 'stage': 'MASKING', 'status': 'PROCESSING_FINISHED', 'entities_in_page': 18, 'latency': '2.15s'}
2026-06-25 21:41:54,966 INFO {'document': '3M_2015_10K', 'page': 18, 'stage': 'MASKING', 'status': 'PROCESSING_FINISHED', 'entities_in_page': 12, 'latency': '1.66s'}
2026-06-25 21:41:55,016 INFO {'document': '3M_2015_10K', 'page': 20, 'stage': 'MASKING', 'status': 'PROCESSING_FINISHED', 'entities_in_page': 8, 'latency': '1.53s'}
2026-06-25 21:41:55,722 INFO {'document': '3M_2015_10K', 'page': 19, 'stage': 'MASKING', 'status': 'PROCESSING_FINISHED', 'entities_in_page': 1, 'latency': '2.37s'}
2026-06-25 21:41:56,158 INFO {'document': '3M_2015_10K', 'page': 22, 'stage': 'MASKING', 'status': 'PROCESSING_FINISHED', 'entities_in_page': 3, 'latency': '1.19s'}
2026-06-25 21:41:56,171 INFO {'document': '3M_2015_10K', 'page': 23, 'stage': 'MASKING', 'status': 'PROCESSING_FINISHED', 'entities_in_page': 3, 'latency': '1.15s'}
2026-06-25 21:41:56,371 INFO {'document': '3M_2015_10K', 'page': 21, 'stage': 'MASKING', 'status': 'PROCESSING_FINISHED', 'entities_in_page': 10, 'latency': '1.75s'}
2026-06-25 21:41:56,779 INFO {'document': '3M_2015_10K', 'page': 24, 'stage': 'MASKING', 'status': 'PROCESSING_FINISHED', 'entities_in_page': 4, 'latency': '1.05s'}
2026-06-25 21:41:57,002 INFO {'document': '3M_2015_10K', 'page': 25, 'stage': 'MASKING', 'status': 'PROCESSING_FINISHED', 'entities_in_page': 3, 'latency': '0.84s'}
2026-06-25 21:41:57,220 INFO {'document': '3M_2015_10K', 'page': 26, 'stage': 'MASKING', 'status': 'PROCESSING_FINISHED', 'entities_in_page': 5, 'latency': '1.05s'}
2026-06-25 21:41:57,321 INFO {'document': '3M_2015_10K', 'page': 27, 'stage': 'MASKING', 'status': 'PROCESSING_FINISHED', 'entities_in_page': 8, 'latency': '0.95s'}
2026-06-25 21:41:57,679 INFO {'document': '3M_2015_10K', 'page': 28, 'stage': 'MASKING', 'status': 'PROCESSING_FINISHED', 'entities_in_page': 5, 'latency': '0.90s'}
2026-06-25 21:41:57,885 ERROR {'document': '3M_2015_10K', 'stage': 'MASKING', 'page': 29, 'status': 'DLQ', 'engine': None, 'reason': 'Engine Masking Validation Rejected', 'retry_count': 0, 'error': 'PII Leakage Validation Failure: NLP Leaks detected: 2 items'}
2026-06-25 21:41:58,288 INFO {'document': '3M_2015_10K', 'page': 32, 'stage': 'MASKING', 'status': 'PROCESSING_FINISHED', 'entities_in_page': 5, 'latency': '0.61s'}
2026-06-25 21:41:58,308 INFO {'document': '3M_2015_10K', 'page': 31, 'stage': 'MASKING', 'status': 'PROCESSING_FINISHED', 'entities_in_page': 9, 'latency': '0.99s'}
2026-06-25 21:41:58,311 INFO {'document': '3M_2015_10K', 'page': 30, 'stage': 'MASKING', 'status': 'PROCESSING_FINISHED', 'entities_in_page': 5, 'latency': '1.09s'}
2026-06-25 21:41:59,543 INFO {'document': '3M_2015_10K', 'page': 34, 'stage': 'MASKING', 'status': 'PROCESSING_FINISHED', 'entities_in_page': 19, 'latency': '1.25s'}
2026-06-25 21:41:59,638 INFO {'document': '3M_2015_10K', 'page': 33, 'stage': 'MASKING', 'status': 'PROCESSING_FINISHED', 'entities_in_page': 14, 'latency': '1.75s'}
2026-06-25 21:41:59,726 INFO {'document': '3M_2015_10K', 'page': 35, 'stage': 'MASKING', 'status': 'PROCESSING_FINISHED', 'entities_in_page': 5, 'latency': '1.42s'}
2026-06-25 21:41:59,767 INFO {'document': '3M_2015_10K', 'page': 36, 'stage': 'MASKING', 'status': 'PROCESSING_FINISHED', 'entities_in_page': 2, 'latency': '1.45s'}
2026-06-25 21:42:00,652 INFO {'document': '3M_2015_10K', 'page': 37, 'stage': 'MASKING', 'status': 'PROCESSING_FINISHED', 'entities_in_page': 1, 'latency': '1.11s'}
2026-06-25 21:42:00,841 INFO {'document': '3M_2015_10K', 'page': 38, 'stage': 'MASKING', 'status': 'PROCESSING_FINISHED', 'entities_in_page': 11, 'latency': '1.20s'}
2026-06-25 21:42:01,037 INFO {'document': '3M_2015_10K', 'page': 40, 'stage': 'MASKING', 'status': 'PROCESSING_FINISHED', 'entities_in_page': 1, 'latency': '1.27s'}
2026-06-25 21:42:01,315 INFO {'document': '3M_2015_10K', 'page': 39, 'stage': 'MASKING', 'status': 'PROCESSING_FINISHED', 'entities_in_page': 1, 'latency': '1.59s'}
2026-06-25 21:42:02,363 ERROR {'document': '3M_2015_10K', 'stage': 'MASKING', 'page': 41, 'status': 'DLQ', 'engine': None, 'reason': 'Engine Masking Validation Rejected', 'retry_count': 0, 'error': 'PII Leakage Validation Failure: NLP Leaks detected: 1 items'}
2026-06-25 21:42:02,619 INFO {'document': '3M_2015_10K', 'page': 42, 'stage': 'MASKING', 'status': 'PROCESSING_FINISHED', 'entities_in_page': 7, 'latency': '1.78s'}
2026-06-25 21:42:02,920 INFO {'document': '3M_2015_10K', 'page': 43, 'stage': 'MASKING', 'status': 'PROCESSING_FINISHED', 'entities_in_page': 1, 'latency': '1.88s'}
2026-06-25 21:42:03,177 INFO {'document': '3M_2015_10K', 'page': 44, 'stage': 'MASKING', 'status': 'PROCESSING_FINISHED', 'entities_in_page': 2, 'latency': '1.86s'}
2026-06-25 21:42:03,716 INFO {'document': '3M_2015_10K', 'page': 45, 'stage': 'MASKING', 'status': 'PROCESSING_FINISHED', 'entities_in_page': 1, 'latency': '1.36s'}
2026-06-25 21:42:03,921 INFO {'document': '3M_2015_10K', 'page': 47, 'stage': 'MASKING', 'status': 'PROCESSING_FINISHED', 'entities_in_page': 0, 'latency': '1.00s'}
2026-06-25 21:42:03,990 INFO {'document': '3M_2015_10K', 'page': 46, 'stage': 'MASKING', 'status': 'PROCESSING_FINISHED', 'entities_in_page': 4, 'latency': '1.37s'}
2026-06-25 21:42:04,017 INFO {'document': '3M_2015_10K', 'page': 48, 'stage': 'MASKING', 'status': 'PROCESSING_FINISHED', 'entities_in_page': 1, 'latency': '0.84s'}
2026-06-25 21:42:04,468 INFO {'document': '3M_2015_10K', 'page': 51, 'stage': 'MASKING', 'status': 'PROCESSING_FINISHED', 'entities_in_page': 0, 'latency': '0.48s'}
2026-06-25 21:42:04,805 INFO {'document': '3M_2015_10K', 'page': 50, 'stage': 'MASKING', 'status': 'PROCESSING_FINISHED', 'entities_in_page': 0, 'latency': '0.88s'}
2026-06-25 21:42:05,037 INFO {'document': '3M_2015_10K', 'page': 49, 'stage': 'MASKING', 'status': 'PROCESSING_FINISHED', 'entities_in_page': 4, 'latency': '1.32s'}
2026-06-25 21:42:05,332 INFO {'document': '3M_2015_10K', 'page': 52, 'stage': 'MASKING', 'status': 'PROCESSING_FINISHED', 'entities_in_page': 0, 'latency': '1.32s'}
2026-06-25 21:42:06,262 INFO {'document': '3M_2015_10K', 'page': 55, 'stage': 'MASKING', 'status': 'PROCESSING_FINISHED', 'entities_in_page': 8, 'latency': '1.22s'}
2026-06-25 21:42:06,429 INFO {'document': '3M_2015_10K', 'page': 54, 'stage': 'MASKING', 'status': 'PROCESSING_FINISHED', 'entities_in_page': 0, 'latency': '1.62s'}
2026-06-25 21:42:06,556 INFO {'document': '3M_2015_10K', 'page': 56, 'stage': 'MASKING', 'status': 'PROCESSING_FINISHED', 'entities_in_page': 6, 'latency': '1.22s'}
2026-06-25 21:42:06,803 INFO {'document': '3M_2015_10K', 'page': 53, 'stage': 'MASKING', 'status': 'PROCESSING_FINISHED', 'entities_in_page': 0, 'latency': '2.34s'}
2026-06-25 21:42:07,559 INFO {'document': '3M_2015_10K', 'page': 57, 'stage': 'MASKING', 'status': 'PROCESSING_FINISHED', 'entities_in_page': 0, 'latency': '1.29s'}
2026-06-25 21:42:07,627 INFO {'document': '3M_2015_10K', 'page': 58, 'stage': 'MASKING', 'status': 'PROCESSING_FINISHED', 'entities_in_page': 1, 'latency': '1.20s'}
2026-06-25 21:42:07,814 INFO {'document': '3M_2015_10K', 'page': 59, 'stage': 'MASKING', 'status': 'PROCESSING_FINISHED', 'entities_in_page': 0, 'latency': '1.26s'}
2026-06-25 21:42:08,119 INFO {'document': '3M_2015_10K', 'page': 60, 'stage': 'MASKING', 'status': 'PROCESSING_FINISHED', 'entities_in_page': 1, 'latency': '1.32s'}
2026-06-25 21:42:08,869 INFO {'document': '3M_2015_10K', 'page': 61, 'stage': 'MASKING', 'status': 'PROCESSING_FINISHED', 'entities_in_page': 0, 'latency': '1.31s'}
2026-06-25 21:42:09,109 INFO {'document': '3M_2015_10K', 'page': 62, 'stage': 'MASKING', 'status': 'PROCESSING_FINISHED', 'entities_in_page': 0, 'latency': '1.48s'}
2026-06-25 21:42:09,278 INFO {'document': '3M_2015_10K', 'page': 63, 'stage': 'MASKING', 'status': 'PROCESSING_FINISHED', 'entities_in_page': 0, 'latency': '1.46s'}
2026-06-25 21:42:09,585 INFO {'document': '3M_2015_10K', 'page': 64, 'stage': 'MASKING', 'status': 'PROCESSING_FINISHED', 'entities_in_page': 0, 'latency': '1.47s'}
2026-06-25 21:42:10,137 INFO {'document': '3M_2015_10K', 'page': 65, 'stage': 'MASKING', 'status': 'PROCESSING_FINISHED', 'entities_in_page': 8, 'latency': '1.27s'}
2026-06-25 21:42:10,261 INFO {'document': '3M_2015_10K', 'page': 66, 'stage': 'MASKING', 'status': 'PROCESSING_FINISHED', 'entities_in_page': 11, 'latency': '1.14s'}
2026-06-25 21:42:10,519 INFO {'document': '3M_2015_10K', 'page': 69, 'stage': 'MASKING', 'status': 'PROCESSING_FINISHED', 'entities_in_page': 0, 'latency': '0.38s'}
2026-06-25 21:42:10,716 INFO {'document': '3M_2015_10K', 'page': 68, 'stage': 'MASKING', 'status': 'PROCESSING_FINISHED', 'entities_in_page': 5, 'latency': '1.13s'}
2026-06-25 21:42:10,893 INFO {'document': '3M_2015_10K', 'page': 67, 'stage': 'MASKING', 'status': 'PROCESSING_FINISHED', 'entities_in_page': 0, 'latency': '1.61s'}
2026-06-25 21:42:11,700 INFO {'document': '3M_2015_10K', 'page': 70, 'stage': 'MASKING', 'status': 'PROCESSING_FINISHED', 'entities_in_page': 0, 'latency': '1.44s'}
2026-06-25 21:42:12,106 INFO {'document': '3M_2015_10K', 'page': 73, 'stage': 'MASKING', 'status': 'PROCESSING_FINISHED', 'entities_in_page': 3, 'latency': '1.21s'}
2026-06-25 21:42:12,495 INFO {'document': '3M_2015_10K', 'page': 71, 'stage': 'MASKING', 'status': 'PROCESSING_FINISHED', 'entities_in_page': 0, 'latency': '1.97s'}
2026-06-25 21:42:12,563 INFO {'document': '3M_2015_10K', 'page': 72, 'stage': 'MASKING', 'status': 'PROCESSING_FINISHED', 'entities_in_page': 1, 'latency': '1.85s'}
2026-06-25 21:42:12,919 INFO {'document': '3M_2015_10K', 'page': 74, 'stage': 'MASKING', 'status': 'PROCESSING_FINISHED', 'entities_in_page': 0, 'latency': '1.22s'}
2026-06-25 21:42:13,664 INFO {'document': '3M_2015_10K', 'page': 78, 'stage': 'MASKING', 'status': 'PROCESSING_FINISHED', 'entities_in_page': 0, 'latency': '0.75s'}
2026-06-25 21:42:13,684 INFO {'document': '3M_2015_10K', 'page': 75, 'stage': 'MASKING', 'status': 'PROCESSING_FINISHED', 'entities_in_page': 12, 'latency': '1.57s'}
2026-06-25 21:42:13,685 INFO {'document': '3M_2015_10K', 'page': 77, 'stage': 'MASKING', 'status': 'PROCESSING_FINISHED', 'entities_in_page': 4, 'latency': '1.12s'}
2026-06-25 21:42:13,920 INFO {'document': '3M_2015_10K', 'page': 76, 'stage': 'MASKING', 'status': 'PROCESSING_FINISHED', 'entities_in_page': 8, 'latency': '1.42s'}
2026-06-25 21:42:14,853 INFO {'document': '3M_2015_10K', 'page': 80, 'stage': 'MASKING', 'status': 'PROCESSING_FINISHED', 'entities_in_page': 2, 'latency': '1.17s'}
2026-06-25 21:42:15,133 INFO {'document': '3M_2015_10K', 'page': 81, 'stage': 'MASKING', 'status': 'PROCESSING_FINISHED', 'entities_in_page': 9, 'latency': '1.45s'}
2026-06-25 21:42:15,369 INFO {'document': '3M_2015_10K', 'page': 82, 'stage': 'MASKING', 'status': 'PROCESSING_FINISHED', 'entities_in_page': 10, 'latency': '1.45s'}
2026-06-25 21:42:15,633 INFO {'document': '3M_2015_10K', 'page': 79, 'stage': 'MASKING', 'status': 'PROCESSING_FINISHED', 'entities_in_page': 1, 'latency': '1.97s'}
2026-06-25 21:42:16,452 INFO {'document': '3M_2015_10K', 'page': 84, 'stage': 'MASKING', 'status': 'PROCESSING_FINISHED', 'entities_in_page': 3, 'latency': '1.32s'}
2026-06-25 21:42:16,718 INFO {'document': '3M_2015_10K', 'page': 83, 'stage': 'MASKING', 'status': 'PROCESSING_FINISHED', 'entities_in_page': 3, 'latency': '1.87s'}
2026-06-25 21:42:17,398 INFO {'document': '3M_2015_10K', 'page': 85, 'stage': 'MASKING', 'status': 'PROCESSING_FINISHED', 'entities_in_page': 4, 'latency': '2.03s'}
2026-06-25 21:42:17,424 INFO {'document': '3M_2015_10K', 'page': 86, 'stage': 'MASKING', 'status': 'PROCESSING_FINISHED', 'entities_in_page': 10, 'latency': '1.79s'}
2026-06-25 21:42:17,499 INFO {'document': '3M_2015_10K', 'page': 87, 'stage': 'MASKING', 'status': 'PROCESSING_FINISHED', 'entities_in_page': 5, 'latency': '1.04s'}
2026-06-25 21:42:18,468 INFO {'document': '3M_2015_10K', 'page': 91, 'stage': 'MASKING', 'status': 'PROCESSING_FINISHED', 'entities_in_page': 0, 'latency': '0.97s'}
2026-06-25 21:42:19,078 INFO {'document': '3M_2015_10K', 'page': 88, 'stage': 'MASKING', 'status': 'PROCESSING_FINISHED', 'entities_in_page': 9, 'latency': '2.36s'}
2026-06-25 21:42:19,442 INFO {'document': '3M_2015_10K', 'page': 92, 'stage': 'MASKING', 'status': 'PROCESSING_FINISHED', 'entities_in_page': 0, 'latency': '0.97s'}
2026-06-25 21:42:19,554 INFO {'document': '3M_2015_10K', 'page': 89, 'stage': 'MASKING', 'status': 'PROCESSING_FINISHED', 'entities_in_page': 5, 'latency': '2.15s'}
2026-06-25 21:42:19,626 INFO {'document': '3M_2015_10K', 'page': 90, 'stage': 'MASKING', 'status': 'PROCESSING_FINISHED', 'entities_in_page': 2, 'latency': '2.20s'}
2026-06-25 21:42:20,593 INFO {'document': '3M_2015_10K', 'page': 95, 'stage': 'MASKING', 'status': 'PROCESSING_FINISHED', 'entities_in_page': 0, 'latency': '1.04s'}
2026-06-25 21:42:20,684 INFO {'document': '3M_2015_10K', 'page': 94, 'stage': 'MASKING', 'status': 'PROCESSING_FINISHED', 'entities_in_page': 0, 'latency': '1.24s'}
2026-06-25 21:42:20,912 INFO {'document': '3M_2015_10K', 'page': 93, 'stage': 'MASKING', 'status': 'PROCESSING_FINISHED', 'entities_in_page': 1, 'latency': '1.83s'}
2026-06-25 21:42:21,070 INFO {'document': '3M_2015_10K', 'page': 96, 'stage': 'MASKING', 'status': 'PROCESSING_FINISHED', 'entities_in_page': 0, 'latency': '1.44s'}
2026-06-25 21:42:22,250 INFO {'document': '3M_2015_10K', 'page': 97, 'stage': 'MASKING', 'status': 'PROCESSING_FINISHED', 'entities_in_page': 0, 'latency': '1.66s'}
2026-06-25 21:42:22,352 INFO {'document': '3M_2015_10K', 'page': 99, 'stage': 'MASKING', 'status': 'PROCESSING_FINISHED', 'entities_in_page': 10, 'latency': '1.44s'}
2026-06-25 21:42:22,437 INFO {'document': '3M_2015_10K', 'page': 98, 'stage': 'MASKING', 'status': 'PROCESSING_FINISHED', 'entities_in_page': 1, 'latency': '1.75s'}
2026-06-25 21:42:23,159 INFO {'document': '3M_2015_10K', 'page': 100, 'stage': 'MASKING', 'status': 'PROCESSING_FINISHED', 'entities_in_page': 4, 'latency': '2.09s'}
2026-06-25 21:42:23,648 INFO {'document': '3M_2015_10K', 'page': 101, 'stage': 'MASKING', 'status': 'PROCESSING_FINISHED', 'entities_in_page': 1, 'latency': '1.40s'}
2026-06-25 21:42:23,718 INFO {'document': '3M_2015_10K', 'page': 102, 'stage': 'MASKING', 'status': 'PROCESSING_FINISHED', 'entities_in_page': 1, 'latency': '1.37s'}
2026-06-25 21:42:23,724 INFO {'document': '3M_2015_10K', 'page': 103, 'stage': 'MASKING', 'status': 'PROCESSING_FINISHED', 'entities_in_page': 1, 'latency': '1.29s'}
2026-06-25 21:42:24,688 INFO {'document': '3M_2015_10K', 'page': 104, 'stage': 'MASKING', 'status': 'PROCESSING_FINISHED', 'entities_in_page': 2, 'latency': '1.52s'}
2026-06-25 21:42:25,210 INFO {'document': '3M_2015_10K', 'page': 105, 'stage': 'MASKING', 'status': 'PROCESSING_FINISHED', 'entities_in_page': 9, 'latency': '1.56s'}
2026-06-25 21:42:25,231 INFO {'document': '3M_2015_10K', 'page': 106, 'stage': 'MASKING', 'status': 'PROCESSING_FINISHED', 'entities_in_page': 15, 'latency': '1.51s'}
2026-06-25 21:42:25,263 INFO {'document': '3M_2015_10K', 'page': 107, 'stage': 'MASKING', 'status': 'PROCESSING_FINISHED', 'entities_in_page': 21, 'latency': '1.54s'}
2026-06-25 21:42:26,056 INFO {'document': '3M_2015_10K', 'page': 108, 'stage': 'MASKING', 'status': 'PROCESSING_FINISHED', 'entities_in_page': 38, 'latency': '1.37s'}
2026-06-25 21:42:26,426 INFO {'document': '3M_2015_10K', 'page': 110, 'stage': 'MASKING', 'status': 'PROCESSING_FINISHED', 'entities_in_page': 13, 'latency': '1.20s'}
2026-06-25 21:42:26,557 INFO {'document': '3M_2015_10K', 'page': 111, 'stage': 'MASKING', 'status': 'PROCESSING_FINISHED', 'entities_in_page': 4, 'latency': '1.29s'}
2026-06-25 21:42:26,572 INFO {'document': '3M_2015_10K', 'page': 109, 'stage': 'MASKING', 'status': 'PROCESSING_FINISHED', 'entities_in_page': 15, 'latency': '1.36s'}
2026-06-25 21:42:27,171 INFO {'document': '3M_2015_10K', 'page': 112, 'stage': 'MASKING', 'status': 'PROCESSING_FINISHED', 'entities_in_page': 0, 'latency': '1.11s'}
2026-06-25 21:42:27,881 INFO {'document': '3M_2015_10K', 'page': 114, 'stage': 'MASKING', 'status': 'PROCESSING_FINISHED', 'entities_in_page': 0, 'latency': '1.32s'}
2026-06-25 21:42:28,058 INFO {'document': '3M_2015_10K', 'page': 113, 'stage': 'MASKING', 'status': 'PROCESSING_FINISHED', 'entities_in_page': 1, 'latency': '1.63s'}
2026-06-25 21:42:28,073 INFO {'document': '3M_2015_10K', 'page': 115, 'stage': 'MASKING', 'status': 'PROCESSING_FINISHED', 'entities_in_page': 0, 'latency': '1.50s'}
2026-06-25 21:42:28,865 INFO {'document': '3M_2015_10K', 'page': 116, 'stage': 'MASKING', 'status': 'PROCESSING_FINISHED', 'entities_in_page': 0, 'latency': '1.70s'}
2026-06-25 21:42:29,032 INFO {'document': '3M_2015_10K', 'page': 118, 'stage': 'MASKING', 'status': 'PROCESSING_FINISHED', 'entities_in_page': 0, 'latency': '0.97s'}
2026-06-25 21:42:29,060 INFO {'document': '3M_2015_10K', 'page': 119, 'stage': 'MASKING', 'status': 'PROCESSING_FINISHED', 'entities_in_page': 4, 'latency': '0.99s'}
2026-06-25 21:42:29,712 INFO {'document': '3M_2015_10K', 'page': 120, 'stage': 'MASKING', 'status': 'PROCESSING_FINISHED', 'entities_in_page': 0, 'latency': '0.85s'}
2026-06-25 21:42:29,722 INFO {'document': '3M_2015_10K', 'page': 117, 'stage': 'MASKING', 'status': 'PROCESSING_FINISHED', 'entities_in_page': 18, 'latency': '1.84s'}
2026-06-25 21:42:30,022 INFO {'document': '3M_2015_10K', 'page': 121, 'stage': 'MASKING', 'status': 'PROCESSING_FINISHED', 'entities_in_page': 0, 'latency': '0.99s'}
2026-06-25 21:42:30,233 INFO {'document': '3M_2015_10K', 'page': 124, 'stage': 'MASKING', 'status': 'PROCESSING_FINISHED', 'entities_in_page': 16, 'latency': '0.51s'}
2026-06-25 21:42:30,431 INFO {'document': '3M_2015_10K', 'page': 123, 'stage': 'MASKING', 'status': 'PROCESSING_FINISHED', 'entities_in_page': 0, 'latency': '0.72s'}
2026-06-25 21:42:30,758 INFO {'document': '3M_2015_10K', 'page': 122, 'stage': 'MASKING', 'status': 'PROCESSING_FINISHED', 'entities_in_page': 1, 'latency': '1.70s'}
2026-06-25 21:42:30,801 INFO {'document': '3M_2015_10K', 'page': 125, 'stage': 'MASKING', 'status': 'PROCESSING_FINISHED', 'entities_in_page': 1, 'latency': '0.78s'}
2026-06-25 21:42:31,298 INFO {'document': '3M_2015_10K', 'page': 126, 'stage': 'MASKING', 'status': 'PROCESSING_FINISHED', 'entities_in_page': 2, 'latency': '1.06s'}
2026-06-25 21:42:31,593 INFO {'document': '3M_2015_10K', 'page': 127, 'stage': 'MASKING', 'status': 'PROCESSING_FINISHED', 'entities_in_page': 0, 'latency': '1.16s'}
2026-06-25 21:42:32,135 INFO {'document': '3M_2015_10K', 'page': 128, 'stage': 'MASKING', 'status': 'PROCESSING_FINISHED', 'entities_in_page': 1, 'latency': '1.38s'}
2026-06-25 21:42:32,419 INFO {'document': '3M_2015_10K', 'page': 129, 'stage': 'MASKING', 'status': 'PROCESSING_FINISHED', 'entities_in_page': 5, 'latency': '1.62s'}
2026-06-25 21:42:32,697 INFO {'document': '3M_2015_10K', 'page': 130, 'stage': 'MASKING', 'status': 'PROCESSING_FINISHED', 'entities_in_page': 5, 'latency': '1.40s'}
2026-06-25 21:42:32,826 INFO {'document': '3M_2015_10K', 'page': 131, 'stage': 'MASKING', 'status': 'PROCESSING_FINISHED', 'entities_in_page': 8, 'latency': '1.23s'}
2026-06-25 21:42:33,471 INFO {'document': '3M_2015_10K', 'page': 132, 'stage': 'MASKING', 'status': 'PROCESSING_FINISHED', 'entities_in_page': 7, 'latency': '1.33s'}
2026-06-25 21:42:33,898 INFO {'document': '3M_2015_10K', 'page': 133, 'stage': 'MASKING', 'status': 'PROCESSING_FINISHED', 'entities_in_page': 3, 'latency': '1.48s'}
2026-06-25 21:42:34,231 INFO {'document': '3M_2015_10K', 'page': 134, 'stage': 'MASKING', 'status': 'PROCESSING_FINISHED', 'entities_in_page': 3, 'latency': '1.53s'}
2026-06-25 21:42:34,272 INFO {'document': '3M_2015_10K', 'page': 135, 'stage': 'MASKING', 'status': 'PROCESSING_FINISHED', 'entities_in_page': 6, 'latency': '1.45s'}
2026-06-25 21:42:34,834 INFO {'document': '3M_2015_10K', 'page': 136, 'stage': 'MASKING', 'status': 'PROCESSING_FINISHED', 'entities_in_page': 2, 'latency': '1.36s'}
2026-06-25 21:42:35,163 INFO {'document': '3M_2015_10K', 'page': 138, 'stage': 'MASKING', 'status': 'PROCESSING_FINISHED', 'entities_in_page': 7, 'latency': '0.93s'}
2026-06-25 21:42:35,242 INFO {'document': '3M_2015_10K', 'page': 137, 'stage': 'MASKING', 'status': 'PROCESSING_FINISHED', 'entities_in_page': 5, 'latency': '1.34s'}
2026-06-25 21:42:35,389 INFO {'document': '3M_2015_10K', 'page': 139, 'stage': 'MASKING', 'status': 'PROCESSING_FINISHED', 'entities_in_page': 1, 'latency': '1.12s'}
2026-06-25 21:42:36,017 INFO {'document': '3M_2015_10K', 'page': 140, 'stage': 'MASKING', 'status': 'PROCESSING_FINISHED', 'entities_in_page': 4, 'latency': '1.18s'}
2026-06-25 21:42:36,635 INFO {'document': '3M_2015_10K', 'page': 141, 'stage': 'MASKING', 'status': 'PROCESSING_FINISHED', 'entities_in_page': 3, 'latency': '1.47s'}
2026-06-25 21:42:36,989 INFO {'document': '3M_2015_10K', 'page': 143, 'stage': 'MASKING', 'status': 'PROCESSING_FINISHED', 'entities_in_page': 11, 'latency': '1.60s'}
2026-06-25 21:42:37,043 INFO {'document': '3M_2015_10K', 'page': 142, 'stage': 'MASKING', 'status': 'PROCESSING_FINISHED', 'entities_in_page': 6, 'latency': '1.80s'}
2026-06-25 21:42:37,550 INFO {'document': '3M_2015_10K', 'page': 144, 'stage': 'MASKING', 'status': 'PROCESSING_FINISHED', 'entities_in_page': 5, 'latency': '1.53s'}
2026-06-25 21:42:38,270 INFO {'document': '3M_2015_10K', 'page': 145, 'stage': 'MASKING', 'status': 'PROCESSING_FINISHED', 'entities_in_page': 12, 'latency': '1.63s'}
2026-06-25 21:42:38,279 INFO {'document': '3M_2015_10K', 'page': 148, 'stage': 'MASKING', 'status': 'PROCESSING_FINISHED', 'entities_in_page': 0, 'latency': '0.73s'}
2026-06-25 21:42:38,334 INFO {'document': '3M_2015_10K', 'page': 146, 'stage': 'MASKING', 'status': 'PROCESSING_FINISHED', 'entities_in_page': 0, 'latency': '1.34s'}
2026-06-25 21:42:38,447 INFO {'document': '3M_2015_10K', 'page': 147, 'stage': 'MASKING', 'status': 'PROCESSING_FINISHED', 'entities_in_page': 7, 'latency': '1.40s'}
2026-06-25 21:42:38,830 INFO {'document': '3M_2015_10K', 'page': 152, 'stage': 'MASKING', 'status': 'PROCESSING_FINISHED', 'entities_in_page': 8, 'latency': '0.38s'}
2026-06-25 21:42:38,831 INFO {'document': '3M_2015_10K', 'page': 149, 'stage': 'MASKING', 'status': 'PROCESSING_FINISHED', 'entities_in_page': 4, 'latency': '0.56s'}
2026-06-25 21:42:39,644 INFO {'document': '3M_2015_10K', 'page': 150, 'stage': 'MASKING', 'status': 'PROCESSING_FINISHED', 'entities_in_page': 47, 'latency': '1.36s'}
2026-06-25 21:42:39,653 INFO {'document': '3M_2015_10K', 'page': 151, 'stage': 'MASKING', 'status': 'PROCESSING_FINISHED', 'entities_in_page': 45, 'latency': '1.32s'}
2026-06-25 21:42:39,935 INFO {'document': '3M_2015_10K', 'page': 153, 'stage': 'MASKING', 'status': 'PROCESSING_FINISHED', 'entities_in_page': 36, 'latency': '1.11s'}
2026-06-25 21:42:40,045 INFO {'document': '3M_2015_10K', 'page': 154, 'stage': 'MASKING', 'status': 'PROCESSING_FINISHED', 'entities_in_page': 3, 'latency': '1.22s'}
2026-06-25 21:42:40,053 INFO {'document': '3M_2015_10K', 'page': 156, 'stage': 'MASKING', 'status': 'PROCESSING_FINISHED', 'entities_in_page': 3, 'latency': '0.40s'}
2026-06-25 21:42:40,254 INFO {'document': '3M_2015_10K', 'page': 157, 'stage': 'MASKING', 'status': 'PROCESSING_FINISHED', 'entities_in_page': 2, 'latency': '0.32s'}
2026-06-25 21:42:40,582 INFO {'document': '3M_2015_10K', 'page': 155, 'stage': 'MASKING', 'status': 'PROCESSING_FINISHED', 'entities_in_page': 2, 'latency': '0.94s'}
2026-06-25 21:42:40,790 INFO {'document': '3M_2015_10K', 'page': 158, 'stage': 'MASKING', 'status': 'PROCESSING_FINISHED', 'entities_in_page': 12, 'latency': '0.74s'}
